Cluster,0,1,total_transactions,Fraud_Amount,Min_Amount,Max_Amount,Avg_Amount,Std_Amount,25%_Amount,50%_Amount,75%_Amount,95%_Amount
-1,16208,30,16238,4402.59,0.0,25691.16,158.22,401.3,10.0,40.28,157.72,662.65
1217,3392,0,3392,0.0,0.0,390.0,20.64,32.7,2.69,9.12,22.0,85.07
1125,3167,0,3167,0.0,0.0,853.71,61.74,105.48,4.49,19.99,68.1,283.83
1018,2946,0,2946,0.0,0.0,1542.72,68.84,134.22,3.98,22.69,73.79,291.01
1195,2546,0,2546,0.0,0.0,224.0,18.0,27.15,2.58,7.75,20.0,76.0
1109,2308,0,2308,0.0,0.0,652.72,44.85,74.79,1.98,14.5,50.0,195.74
1026,2125,0,2125,0.0,0.0,593.2,48.63,76.13,2.31,17.99,59.78,194.24
1091,789,0,789,0.0,0.01,541.93,40.23,66.21,1.98,10.62,46.5,178.38
1123,643,0,643,0.0,0.01,256.79,20.22,29.56,2.99,9.78,21.48,85.25
653,634,0,634,0.0,0.0,1157.32,89.01,127.57,17.99,41.68,101.26,335.0
1007,612,0,612,0.0,0.31,513.41,41.04,77.25,1.79,6.99,46.13,212.99
548,553,0,553,0.0,1.0,905.36,98.04,120.49,20.8,54.0,126.0,338.32
647,553,0,553,0.0,0.0,725.88,75.4,91.0,19.95,44.38,91.0,260.6
643,490,0,490,0.0,0.02,578.0,70.69,90.21,15.0,29.95,81.9,272.24
532,435,0,435,0.0,0.01,598.61,74.29,80.55,19.99,45.94,103.72,234.78
639,421,0,421,0.0,0.02,577.76,82.04,102.32,15.0,40.0,100.0,338.0
497,391,0,391,0.0,0.01,599.99,84.47,103.3,16.8,45.0,110.26,308.5
1070,373,0,373,0.0,0.11,170.13,13.03,22.94,2.28,5.98,10.98,46.16
553,367,0,367,0.0,1.0,569.97,111.98,111.99,31.54,76.0,158.0,343.61
557,366,0,366,0.0,1.0,662.32,112.8,114.74,37.51,69.48,152.48,353.88
551,343,0,343,0.0,0.95,638.42,119.07,120.41,33.0,75.0,167.5,386.48
338,329,0,329,0.0,0.0,349.51,43.38,61.86,1.98,17.18,59.85,169.23
357,322,0,322,0.0,0.01,474.59,53.79,74.05,6.59,24.34,67.48,219.99
1003,320,0,320,0.0,0.0,540.7,42.96,76.56,4.67,12.37,48.92,153.94
491,314,0,314,0.0,0.01,350.0,54.78,62.07,15.0,29.95,70.5,194.15
401,289,0,289,0.0,0.27,282.27,26.24,39.09,4.26,9.99,34.66,92.89
566,284,0,284,0.0,1.0,371.4,81.99,73.63,29.0,52.1,116.7,234.86
978,264,0,264,0.0,0.0,302.74,40.04,56.29,5.46,15.58,54.68,156.48
1052,260,0,260,0.0,1.0,600.0,51.17,99.7,1.0,1.0,60.01,251.0
997,259,0,259,0.0,0.0,368.54,35.19,54.67,6.03,12.14,40.11,151.24
493,252,0,252,0.0,2.0,332.7,55.87,62.91,15.0,28.2,75.0,187.0
564,224,0,224,0.0,1.0,305.3,51.86,53.28,15.0,29.18,72.1,158.0
927,213,0,213,0.0,0.0,432.47,38.29,67.94,4.95,12.13,38.0,155.77
238,205,0,205,0.0,0.77,231.7,29.36,38.53,9.66,15.95,37.34,101.1
381,192,0,192,0.0,0.0,531.7,54.87,85.15,1.98,22.16,74.2,231.73
1185,184,0,184,0.0,0.0,270.84,43.01,49.85,9.99,24.28,57.82,151.93
1202,172,0,172,0.0,0.5,49.99,5.08,8.15,1.0,1.79,5.07,21.36
1071,152,0,152,0.0,0.5,252.6,35.57,37.85,9.79,24.49,45.09,105.66
943,137,0,137,0.0,1.0,550.0,65.8,114.63,1.0,1.0,81.88,324.9
256,137,0,137,0.0,0.89,223.8,22.29,33.82,2.69,11.99,24.99,90.82
1126,130,0,130,0.0,0.76,247.91,7.11,26.66,0.76,1.0,1.0,52.9
1154,126,0,126,0.0,1.0,181.78,28.99,32.05,7.18,16.34,39.77,94.75
891,124,0,124,0.0,0.0,226.99,25.51,33.44,5.47,12.46,31.02,87.23
986,123,1,124,0.76,0.76,219.88,6.44,29.73,0.76,1.0,1.0,1.0
265,120,0,120,0.0,1.0,215.12,28.68,29.71,15.95,15.95,39.0,77.67
1209,114,0,114,0.0,1.0,182.02,31.79,36.78,8.03,16.55,44.68,100.67
251,112,0,112,0.0,0.8,255.68,29.55,46.85,7.54,14.95,29.91,113.5
1215,109,0,109,0.0,0.15,110.0,13.83,17.03,1.46,7.32,23.0,44.52
828,107,0,107,0.0,1.0,1603.42,275.45,380.6,19.77,115.0,346.8,1179.16
1148,99,0,99,0.0,0.74,99.99,5.37,17.0,0.89,1.0,3.78,10.09
840,96,0,96,0.0,0.01,293.68,37.39,50.95,7.46,14.61,49.3,148.5
279,96,0,96,0.0,0.77,100.0,14.05,17.66,2.69,8.91,16.98,49.99
831,95,0,95,0.0,0.0,273.99,43.41,60.96,1.54,20.0,60.0,184.92
634,90,1,91,19.95,11.0,390.0,54.85,57.44,19.97,30.0,65.0,159.0
816,85,0,85,0.0,0.01,407.92,57.69,78.74,9.2,28.75,78.26,198.73
342,85,0,85,0.0,0.44,236.6,33.38,55.92,1.98,8.99,40.0,173.78
632,73,0,73,0.0,10.0,199.0,48.03,46.62,19.95,29.99,49.99,181.0
180,69,0,69,0.0,1.55,128.25,13.98,16.02,11.85,11.85,11.85,11.85
255,67,0,67,0.0,0.99,135.0,23.61,25.85,4.49,19.0,35.28,68.86
1097,67,0,67,0.0,1.0,30.6,3.29,3.86,1.0,4.0,5.0,5.0
269,67,0,67,0.0,0.95,339.0,76.07,75.49,21.11,55.53,101.47,233.85
1012,65,0,65,0.0,2.0,137.42,34.08,33.02,11.84,21.0,42.42,121.11
301,64,0,64,0.0,1.04,379.0,71.85,75.75,27.54,40.0,91.77,212.88
861,62,0,62,0.0,0.0,139.54,23.12,30.6,4.94,10.59,23.13,86.24
268,62,0,62,0.0,2.1,280.47,48.0,56.64,15.0,24.92,69.93,153.5
296,61,0,61,0.0,0.02,295.0,53.78,67.47,15.0,29.99,66.0,219.0
246,58,0,58,0.0,0.96,14.95,6.17,4.61,2.12,2.22,11.27,11.27
715,57,0,57,0.0,1.0,189.0,47.83,39.33,19.95,34.99,69.56,109.19
283,54,0,54,0.0,3.48,749.19,157.9,164.53,29.64,107.5,222.04,447.91
281,53,0,53,0.0,0.02,210.3,49.54,46.47,15.0,29.99,72.8,130.76
1008,50,0,50,0.0,1.0,211.53,25.78,40.27,1.0,16.47,29.19,95.11
1081,50,0,50,0.0,1.0,497.0,38.44,99.75,1.0,1.0,1.0,215.73
377,49,0,49,0.0,0.89,89.99,9.97,15.18,2.28,5.99,9.99,33.68
951,48,0,48,0.0,0.68,89.99,11.18,25.0,0.89,1.79,5.38,89.99
605,47,0,47,0.0,0.64,285.32,144.46,70.32,79.0,158.0,183.5,260.05
944,46,0,46,0.0,1.0,603.06,99.27,145.08,3.92,46.98,114.11,435.89
11,10,35,45,3989.81,0.0,798.49,111.62,206.76,1.0,7.53,112.45,651.72
254,44,0,44,0.0,0.01,175.89,37.03,39.11,6.99,27.45,50.79,112.56
948,43,0,43,0.0,0.75,44.99,2.77,7.0,0.89,1.0,1.79,3.59
270,43,0,43,0.0,3.1,469.04,71.18,102.12,12.0,37.4,73.62,264.54
253,43,0,43,0.0,0.89,29.5,2.74,6.1,1.0,1.0,1.0,13.81
1089,43,0,43,0.0,1.97,138.3,32.79,31.87,9.99,23.95,43.66,99.61
527,43,0,43,0.0,2.0,239.96,67.09,59.68,17.11,50.0,100.0,195.96
272,42,0,42,0.0,0.89,28.2,6.59,5.07,2.38,6.72,8.99,11.94
654,42,0,42,0.0,14.0,194.34,68.01,38.26,42.03,59.8,85.36,120.99
958,42,0,42,0.0,0.01,105.64,26.84,26.6,10.43,17.66,32.29,99.97
837,42,0,42,0.0,0.89,179.99,29.19,42.09,3.18,10.49,26.82,129.51
856,40,0,40,0.0,0.0,226.81,35.17,45.93,7.66,17.07,49.37,114.67
179,40,0,40,0.0,2.8,550.0,51.68,102.31,11.85,11.85,40.22,178.6
250,40,0,40,0.0,0.89,125.42,9.8,20.9,1.98,1.98,8.02,28.58
1129,39,0,39,0.0,7.72,115.81,23.84,22.45,12.31,12.31,29.56,74.62
378,39,0,39,0.0,1.5,259.9,40.7,51.12,12.06,21.5,42.81,124.17
456,38,0,38,0.0,5.0,228.0,45.65,53.44,11.82,22.5,45.22,175.5
933,38,0,38,0.0,1.0,130.51,33.69,31.25,12.27,23.23,43.7,111.81
267,37,0,37,0.0,0.77,57.91,9.46,9.25,2.49,11.27,11.27,12.29
640,36,0,36,0.0,10.0,204.38,56.61,34.93,39.8,49.9,71.22,99.99
306,36,0,36,0.0,0.01,235.81,41.94,53.94,4.79,19.99,70.59,143.43
191,36,0,36,0.0,0.0,220.89,31.56,47.34,4.81,12.57,34.88,124.65
329,35,0,35,0.0,1.0,250.0,43.79,67.03,1.0,11.91,41.32,202.46
1029,35,0,35,0.0,9.31,258.76,61.25,75.91,12.31,16.0,92.75,215.42
1050,35,0,35,0.0,1.0,180.0,17.88,45.66,1.0,1.0,1.0,129.9
932,35,0,35,0.0,1.0,79.0,4.51,13.52,1.0,1.0,1.0,13.87
558,35,0,35,0.0,1.0,187.19,56.73,45.96,24.48,40.0,78.62,153.38
806,35,0,35,0.0,0.89,118.57,19.49,26.32,1.98,10.52,24.64,68.49
946,35,0,35,0.0,0.74,89.99,13.81,27.22,1.0,2.29,8.36,89.99
668,34,0,34,0.0,1.0,14.9,3.65,3.68,1.58,2.04,3.48,12.61
994,34,0,34,0.0,0.76,212.5,10.33,38.21,0.76,0.76,0.76,56.75
394,33,0,33,0.0,0.89,52.74,10.15,13.94,1.98,3.87,12.0,46.97
489,33,0,33,0.0,3.99,155.81,69.07,42.91,32.0,54.0,104.45,142.53
982,32,0,32,0.0,1.0,179.7,6.87,31.58,1.0,1.0,1.0,5.05
902,32,0,32,0.0,0.28,166.13,27.79,33.29,10.59,15.48,33.59,84.08
1115,31,0,31,0.0,0.95,139.0,37.74,47.53,4.27,9.98,71.97,137.0
1024,31,0,31,0.0,0.0,250.0,116.45,76.9,53.48,129.0,175.3,227.87
925,31,0,31,0.0,0.79,183.1,33.67,47.81,7.2,10.59,36.94,139.39
354,31,0,31,0.0,0.76,1.9,0.86,0.22,0.76,0.76,1.0,1.0
702,30,0,30,0.0,0.02,89.0,28.93,21.07,14.95,27.47,39.96,67.84
945,30,0,30,0.0,0.76,69.38,6.08,14.17,1.0,1.14,2.82,29.23
352,30,0,30,0.0,0.0,77.17,20.05,20.8,5.05,11.9,27.58,66.85
903,30,0,30,0.0,0.76,80.93,18.01,19.91,4.65,12.9,20.83,62.24
800,29,0,29,0.0,0.0,300.0,44.31,63.21,11.5,19.93,29.95,148.18
382,29,0,29,0.0,0.76,60.99,8.37,12.83,1.5,3.98,9.99,30.4
693,29,0,29,0.0,2.5,225.0,47.51,53.98,12.36,22.02,51.23,140.14
62,28,0,28,0.0,5.0,152.15,49.02,39.17,20.4,46.18,55.4,138.61
699,28,0,28,0.0,1.0,124.0,37.77,35.14,12.43,20.98,62.11,98.58
1047,28,0,28,0.0,0.67,68.43,13.75,17.64,1.53,3.74,21.96,39.45
473,28,0,28,0.0,15.0,397.5,147.7,87.89,87.32,129.89,185.9,292.04
1014,28,0,28,0.0,1.0,15.2,1.51,2.68,1.0,1.0,1.0,1.0
1080,27,0,27,0.0,0.76,0.76,0.76,0.0,0.76,0.76,0.76,0.76
676,27,0,27,0.0,19.0,159.0,52.66,32.68,29.45,39.99,76.25,95.02
1135,27,0,27,0.0,4.94,69.97,29.24,18.51,15.0,27.9,38.5,67.9
581,27,0,27,0.0,10.0,709.38,269.49,233.65,61.5,194.38,530.03,615.53
241,27,0,27,0.0,0.89,295.2,39.82,76.99,4.99,9.99,17.14,216.48
157,26,0,26,0.0,3.7,74.0,13.87,12.43,11.85,11.85,11.85,14.49
827,26,0,26,0.0,0.89,62.66,10.42,15.0,2.68,5.49,9.38,45.12
782,26,0,26,0.0,0.0,197.43,28.94,42.05,5.6,13.37,41.36,83.93
1077,25,0,25,0.0,1.0,146.59,35.92,36.11,9.5,27.47,46.18,101.21
1190,25,0,25,0.0,0.74,89.99,9.98,24.59,0.89,1.0,2.99,76.87
608,25,0,25,0.0,11.13,129.99,66.62,41.86,35.9,45.9,119.95,125.9
923,25,0,25,0.0,0.75,100.0,19.56,25.77,4.68,8.53,22.69,73.41
383,25,0,25,0.0,0.45,39.98,4.19,7.92,0.77,1.43,4.0,7.93
854,25,0,25,0.0,1.0,92.57,6.03,19.27,1.0,1.0,1.0,28.24
231,25,0,25,0.0,1.39,188.31,39.72,46.32,16.36,23.0,36.71,144.7
713,25,0,25,0.0,1.0,144.7,47.97,39.54,15.0,35.85,72.8,117.72
209,24,0,24,0.0,0.89,70.11,8.78,14.03,1.99,4.99,9.1,20.13
1113,23,0,23,0.0,20.0,199.24,78.44,47.97,47.42,62.88,98.54,186.81
488,23,0,23,0.0,5.99,229.0,65.42,53.67,32.0,52.0,85.26,185.96
133,23,0,23,0.0,2.0,242.02,54.34,63.12,12.83,23.23,80.28,169.57
249,23,0,23,0.0,2.49,169.0,38.62,31.69,24.42,36.0,38.25,61.9
237,22,0,22,0.0,1.0,78.24,7.88,22.09,1.0,1.0,1.0,70.39
823,22,0,22,0.0,1.0,56.0,4.04,11.88,1.0,1.0,1.0,12.22
1064,22,0,22,0.0,0.37,99.0,11.16,21.57,1.72,4.39,7.42,38.95
252,22,0,22,0.0,4.9,235.28,41.51,53.66,6.97,18.56,50.56,118.3
343,21,0,21,0.0,1.5,204.84,50.83,59.63,12.14,23.0,64.72,183.94
128,21,0,21,0.0,1.83,256.38,62.66,67.23,15.0,35.0,76.12,198.4
264,21,0,21,0.0,1.18,29.3,7.2,6.39,2.12,6.95,10.47,11.27
1103,21,0,21,0.0,4.04,151.48,43.35,42.88,13.82,21.2,64.26,118.2
622,21,0,21,0.0,0.95,146.09,46.17,38.2,15.0,39.9,63.8,108.3
1107,21,0,21,0.0,1.0,222.3,41.97,53.05,9.25,16.9,55.67,116.23
224,21,0,21,0.0,0.89,18.35,7.16,5.07,2.67,8.07,10.27,14.69
512,21,0,21,0.0,2.02,429.95,150.24,91.4,89.99,139.98,179.98,272.06
271,20,0,20,0.0,0.01,73.5,29.4,20.21,12.76,27.4,36.33,70.17
417,20,0,20,0.0,0.75,139.49,30.83,45.28,4.88,10.29,27.53,127.7
380,20,0,20,0.0,0.99,125.98,21.19,29.91,5.98,14.33,20.52,79.39
106,20,0,20,0.0,0.89,155.49,46.45,51.51,7.99,22.54,73.24,151.22
1068,20,0,20,0.0,0.89,100.96,15.16,23.11,1.98,5.08,21.38,37.8
298,20,0,20,0.0,10.0,261.62,80.11,68.76,24.2,65.51,99.25,211.94
289,20,0,20,0.0,0.89,17.99,6.58,5.0,2.67,5.38,8.99,15.14
1033,19,1,20,1.0,1.0,50.0,4.56,11.27,1.0,1.0,1.0,17.06
469,20,0,20,0.0,10.0,200.0,51.19,44.23,22.5,40.0,56.25,127.32
78,19,0,19,0.0,0.89,59.99,18.62,17.83,5.24,14.95,20.1,58.18
1,3,16,19,660.65,0.76,188.78,48.98,62.1,1.0,11.38,89.99,188.55
936,19,0,19,0.0,1.0,69.0,7.79,18.81,1.0,1.0,1.0,52.8
333,19,0,19,0.0,1.75,89.0,26.73,22.18,8.7,21.98,33.67,67.35
331,19,0,19,0.0,8.99,220.6,52.68,59.87,17.63,24.85,57.97,171.37
821,19,0,19,0.0,0.89,110.14,20.07,30.34,2.18,9.99,22.69,94.6
1083,19,0,19,0.0,9.31,29.56,13.8,5.61,12.31,12.31,12.31,29.56
598,19,0,19,0.0,10.0,170.0,78.25,62.08,24.5,70.0,142.5,166.85
311,19,0,19,0.0,0.0,261.52,48.12,77.43,2.48,10.59,66.06,225.22
926,19,0,19,0.0,0.32,57.94,16.09,19.19,1.58,6.85,22.2,55.83
127,19,0,19,0.0,5.0,20.0,9.26,5.13,5.0,10.0,10.0,20.0
700,18,0,18,0.0,2.39,105.4,35.42,29.7,15.0,22.48,48.32,89.76
273,18,0,18,0.0,9.0,99.99,32.51,24.49,15.95,27.4,33.1,74.49
111,18,0,18,0.0,0.89,99.99,70.19,36.45,48.42,89.99,89.99,99.99
219,18,0,18,0.0,0.89,13.99,3.23,3.07,1.84,1.98,4.4,7.19
506,18,0,18,0.0,24.99,509.95,174.83,147.7,60.25,135.66,254.98,457.26
132,18,0,18,0.0,4.0,20.0,7.44,3.97,5.0,5.0,10.0,11.5
967,18,0,18,0.0,0.89,93.25,13.39,21.87,2.38,8.07,12.65,46.66
1095,18,0,18,0.0,1.0,400.0,78.65,111.79,1.82,43.14,91.0,285.25
435,18,0,18,0.0,10.89,345.0,103.13,99.75,28.0,70.22,131.12,311.0
495,17,0,17,0.0,7.0,444.0,157.84,125.14,49.0,139.65,183.59,379.27
960,17,0,17,0.0,4.71,109.31,32.9,36.43,9.88,19.9,29.17,103.25
1002,17,0,17,0.0,12.31,29.56,16.37,7.54,12.31,12.31,12.31,29.56
812,17,0,17,0.0,1.0,259.18,97.71,76.27,40.0,73.27,146.02,235.33
950,17,0,17,0.0,10.0,169.31,61.98,46.12,28.74,52.24,90.78,143.96
905,17,0,17,0.0,1.0,463.69,124.15,131.37,21.27,94.0,157.76,361.99
310,17,0,17,0.0,5.99,229.58,62.0,74.58,13.58,22.66,78.02,207.55
671,17,0,17,0.0,0.0,359.22,133.42,140.91,10.62,28.02,228.06,359.22
155,17,0,17,0.0,0.0,282.08,66.77,76.38,4.95,37.92,108.17,177.75
666,17,0,17,0.0,1.0,122.72,24.41,41.52,2.0,4.8,14.9,118.24
835,17,0,17,0.0,4.77,98.4,20.84,24.62,6.89,11.5,25.0,67.54
638,17,0,17,0.0,1.0,114.94,14.57,28.98,3.0,3.5,7.1,63.79
976,16,0,16,0.0,1.99,76.06,19.52,17.82,9.99,13.99,23.84,45.23
282,16,0,16,0.0,1.0,116.0,31.15,40.47,1.38,2.0,59.25,97.66
832,16,0,16,0.0,0.0,261.95,62.03,80.31,2.81,30.68,74.86,202.74
1098,16,0,16,0.0,0.76,119.07,8.44,29.51,0.94,1.0,1.0,31.94
691,16,0,16,0.0,8.0,170.0,79.18,59.29,23.99,68.93,134.0,168.5
814,16,0,16,0.0,0.99,192.88,59.45,64.75,6.88,30.5,110.42,162.95
1205,16,0,16,0.0,6.66,145.96,54.65,39.87,27.99,46.92,70.1,123.67
615,16,0,16,0.0,0.95,222.35,63.53,61.41,17.3,41.3,96.2,150.42
533,16,0,16,0.0,10.19,309.6,71.79,74.62,20.7,58.76,77.47,194.25
919,16,0,16,0.0,0.0,37.13,14.21,12.35,4.66,11.06,20.62,34.95
455,16,0,16,0.0,10.0,276.0,71.47,70.46,15.0,52.1,100.44,186.0
192,16,0,16,0.0,9.58,522.4,149.98,149.38,24.35,133.98,201.38,421.05
396,16,0,16,0.0,2.99,193.88,61.32,55.51,22.95,45.0,94.76,159.49
703,15,0,15,0.0,3.1,69.0,24.73,16.72,17.45,24.9,28.74,52.2
1117,15,0,15,0.0,0.85,100.99,20.42,27.22,4.96,10.0,19.98,65.29
200,15,0,15,0.0,1.51,46.4,22.71,11.63,17.7,22.6,27.39,39.94
815,15,0,15,0.0,0.78,122.07,38.62,40.81,6.57,27.4,48.66,112.78
1134,15,0,15,0.0,3.49,203.9,37.77,53.8,9.3,13.49,33.44,125.76
665,15,0,15,0.0,1.0,3.0,1.65,0.63,1.0,2.0,2.0,2.51
450,15,0,15,0.0,834.84,1303.55,946.68,160.69,835.0,835.0,999.96,1273.34
1013,15,0,15,0.0,1.66,163.0,42.21,49.32,4.48,22.7,58.04,135.47
897,15,0,15,0.0,0.0,297.08,75.43,79.15,25.97,37.83,98.15,218.69
516,14,0,14,0.0,13.7,104.45,50.49,35.3,18.96,43.38,81.1,104.45
1022,14,0,14,0.0,200.0,755.38,333.21,153.98,211.75,302.5,388.25,584.74
346,14,0,14,0.0,4.18,60.0,22.36,15.96,10.98,19.0,28.67,52.92
288,14,0,14,0.0,1.24,83.43,20.96,21.74,4.81,17.98,29.11,54.19
375,14,0,14,0.0,0.89,11.96,2.06,2.94,0.89,0.94,1.74,6.16
402,14,0,14,0.0,1.0,49.99,12.94,16.81,2.36,4.99,13.92,48.02
319,14,0,14,0.0,1.0,43.5,10.92,15.71,1.0,1.0,16.74,38.53
1005,14,0,14,0.0,4.29,104.3,30.97,34.21,9.53,13.55,48.39,93.95
1006,14,0,14,0.0,0.76,89.0,27.67,25.07,9.99,22.9,37.45,71.33
1042,14,0,14,0.0,0.76,47.31,4.27,12.39,1.0,1.0,1.0,17.21
1056,14,0,14,0.0,0.0,279.2,144.81,72.0,111.06,137.78,172.07,270.41
212,14,0,14,0.0,0.89,35.39,8.71,8.37,5.99,8.48,9.73,18.88
811,14,0,14,0.0,0.89,16.0,5.25,5.03,1.19,1.98,8.99,13.39
184,14,0,14,0.0,0.01,117.99,23.8,37.04,2.26,9.46,15.0,103.37
1102,14,0,14,0.0,57.92,411.0,194.99,88.01,200.0,200.0,226.25,295.95
877,14,0,14,0.0,1.5,34.0,11.57,7.83,8.94,8.98,12.12,23.59
874,14,0,14,0.0,3.03,153.25,27.56,39.26,10.59,10.62,26.66,88.07
142,14,0,14,0.0,1.0,412.2,82.6,110.47,10.42,41.56,105.0,270.52
144,14,0,14,0.0,0.9,37.93,9.34,9.08,3.7,7.57,11.28,21.74
801,14,0,14,0.0,0.89,148.84,42.32,58.52,1.98,4.19,84.57,138.43
934,13,0,13,0.0,1.0,25.29,10.57,9.41,1.0,7.25,19.95,23.73
70,13,0,13,0.0,2.12,130.0,23.09,32.84,11.27,12.99,19.9,70.14
773,13,0,13,0.0,0.76,0.76,0.76,0.0,0.76,0.76,0.76,0.76
834,13,0,13,0.0,1.29,18.49,7.22,4.74,4.49,7.99,9.27,13.68
1093,13,0,13,0.0,0.76,1.0,0.96,0.09,1.0,1.0,1.0,1.0
167,13,0,13,0.0,0.17,96.84,49.54,30.64,30.37,53.73,53.89,96.31
1044,13,0,13,0.0,0.05,88.24,24.18,25.16,5.46,19.99,30.31,65.28
970,13,0,13,0.0,700.0,1427.0,1072.68,192.94,988.99,1084.0,1211.21,1317.45
161,13,0,13,0.0,3.79,98.61,34.1,28.65,15.13,19.99,40.54,81.32
650,13,0,13,0.0,0.76,11.02,5.85,3.41,3.7,5.48,8.32,10.61
444,13,0,13,0.0,8.03,258.12,99.51,85.34,15.17,90.92,145.98,228.94
844,13,0,13,0.0,2.28,66.61,18.68,17.56,11.49,11.5,23.0,51.24
1122,13,0,13,0.0,0.89,144.19,35.71,41.48,3.11,30.0,47.0,108.65
804,13,0,13,0.0,0.0,74.15,29.76,23.97,11.4,22.06,54.91,63.24
297,13,0,13,0.0,1.5,405.32,139.84,143.43,6.6,98.06,284.23,344.8
300,13,0,13,0.0,10.0,150.0,46.78,37.17,25.0,50.0,50.0,107.4
355,13,0,13,0.0,6.84,104.92,50.16,34.58,18.06,48.52,75.0,99.75
79,13,0,13,0.0,1.0,393.46,60.23,109.29,9.99,13.31,38.25,247.98
403,13,0,13,0.0,2.04,127.87,33.44,43.21,5.66,12.74,34.1,118.77
508,13,0,13,0.0,25.0,378.0,124.68,99.54,60.29,109.0,188.85,277.14
740,13,0,13,0.0,0.75,86.55,18.77,23.42,6.05,11.38,27.49,54.98
1170,13,0,13,0.0,10.99,100.0,76.13,35.07,40.88,100.0,100.0,100.0
1213,13,0,13,0.0,0.89,24.99,8.0,8.82,1.98,2.58,15.99,22.25
215,13,0,13,0.0,3.59,48.56,20.98,16.18,6.15,19.67,32.23,47.26
318,12,0,12,0.0,0.68,7.7,2.62,2.71,0.77,0.81,4.03,7.7
720,12,0,12,0.0,25.9,179.5,74.62,54.4,36.18,52.57,98.94,171.99
208,12,0,12,0.0,1.16,128.85,26.71,38.24,1.98,9.43,38.67,92.35
560,12,0,12,0.0,357.15,981.95,634.86,197.64,481.07,567.95,779.79,928.57
748,12,0,12,0.0,1.0,400.0,127.12,106.71,75.1,99.8,147.25,303.75
1016,12,0,12,0.0,1.0,180.0,69.95,49.46,40.58,58.5,78.5,162.93
1096,12,0,12,0.0,29.7,344.07,132.46,113.16,57.1,81.94,172.36,326.29
722,12,0,12,0.0,14.0,109.0,46.48,32.67,19.99,29.49,69.0,103.5
410,12,0,12,0.0,0.0,328.0,69.46,111.14,4.86,10.38,73.68,293.62
928,12,0,12,0.0,30.0,379.97,182.86,95.64,120.02,184.83,241.12,315.56
741,12,0,12,0.0,0.0,202.02,53.55,62.93,10.62,28.68,63.52,172.85
387,12,0,12,0.0,0.89,80.06,34.26,34.11,5.6,14.71,77.37,78.93
137,12,0,12,0.0,1.0,372.82,126.23,114.76,43.91,112.1,155.91,332.15
1181,12,0,12,0.0,1.0,158.84,48.72,51.26,8.61,45.0,59.37,134.95
1112,12,0,12,0.0,1.86,157.7,52.3,44.29,25.87,43.86,58.89,133.31
658,12,0,12,0.0,13.99,79.98,32.79,20.57,19.95,25.4,31.21,74.49
122,12,0,12,0.0,0.0,119.0,40.72,39.43,13.78,24.58,50.63,116.46
607,12,0,12,0.0,19.95,102.9,51.98,24.87,38.61,45.9,56.91,99.39
75,12,0,12,0.0,0.77,49.0,7.62,13.67,0.89,1.67,7.11,29.3
42,12,0,12,0.0,0.0,106.27,24.05,34.76,2.71,7.73,24.59,93.7
257,12,0,12,0.0,0.23,39.0,20.15,12.18,14.95,15.95,21.71,39.0
1069,12,0,12,0.0,0.76,59.7,21.39,19.14,4.68,22.5,28.62,54.11
1136,12,0,12,0.0,3.06,44.9,22.67,13.42,11.36,20.45,34.34,41.43
1140,12,0,12,0.0,0.01,51.0,9.06,15.02,1.0,2.5,8.75,33.95
964,12,0,12,0.0,1.41,112.67,26.25,30.2,6.23,20.96,30.72,73.8
770,12,0,12,0.0,7.57,89.91,40.29,25.9,24.44,33.8,55.22,82.06
1020,11,0,11,0.0,9.49,401.2,154.07,147.28,48.82,61.8,236.54,399.1
360,11,0,11,0.0,5.91,139.61,36.08,38.71,12.4,16.71,45.76,99.28
314,11,0,11,0.0,1.15,299.98,107.76,103.43,27.5,60.86,174.26,274.16
409,11,0,11,0.0,0.77,3.66,1.88,1.23,0.9,1.46,2.94,3.66
330,11,0,11,0.0,0.76,12.31,2.86,4.67,0.76,0.76,0.76,12.31
126,11,0,11,0.0,7.44,233.46,95.96,77.72,31.99,85.9,152.28,211.23
661,11,0,11,0.0,0.0,98.99,29.02,29.71,8.04,23.84,42.46,76.94
673,11,0,11,0.0,0.0,180.95,55.33,51.18,16.38,59.57,74.08,129.18
711,11,0,11,0.0,6.36,155.65,37.33,43.36,13.5,15.0,49.54,107.1
88,11,0,11,0.0,8.0,249.0,95.28,75.77,46.98,81.79,133.73,220.5
94,11,0,11,0.0,3167.74,4457.43,3543.66,395.27,3300.73,3425.0,3596.72,4268.86
791,11,0,11,0.0,1.5,90.0,31.66,31.38,2.74,25.31,56.82,78.4
757,11,0,11,0.0,0.01,246.68,80.12,90.65,4.3,30.0,147.1,219.86
308,11,0,11,0.0,3.5,82.73,42.51,23.72,25.84,41.35,59.0,75.87
1032,11,0,11,0.0,0.76,0.76,0.76,0.0,0.76,0.76,0.76,0.76
141,11,0,11,0.0,1.1,246.68,98.35,87.73,34.9,56.65,163.85,233.81
165,11,0,11,0.0,4.57,188.89,32.33,54.31,7.54,10.0,27.64,122.82
158,11,0,11,0.0,11.85,42.0,15.22,8.99,11.85,11.85,13.58,28.65
617,11,0,11,0.0,5.54,203.42,94.28,68.61,51.25,62.9,142.25,199.21
147,11,0,11,0.0,1.21,128.3,25.26,38.4,6.38,11.34,18.77,96.37
567,11,0,11,0.0,5.0,160.0,73.03,56.75,17.02,79.0,118.17,150.75
1055,11,0,11,0.0,29.99,154.89,71.87,40.21,42.56,60.0,94.6,137.55
228,11,0,11,0.0,7.55,15.0,12.0,1.7,12.16,12.16,12.16,13.58
476,11,0,11,0.0,8.88,80.44,28.15,23.84,15.21,15.21,34.54,70.21
523,11,0,11,0.0,20.0,127.3,64.36,41.78,30.0,50.0,97.35,126.15
574,11,0,11,0.0,10.0,181.5,69.1,65.35,18.23,40.0,106.55,180.25
809,10,0,10,0.0,0.76,105.86,26.99,37.09,1.0,9.73,30.8,94.22
992,10,0,10,0.0,0.31,7.7,2.81,2.75,0.87,1.86,3.34,7.7
752,10,0,10,0.0,0.74,8.99,2.92,3.01,0.9,1.14,4.4,8.09
1094,10,0,10,0.0,25.0,479.94,155.01,141.91,55.89,120.96,182.32,402.57
170,10,0,10,0.0,14.0,106.67,41.83,28.17,17.5,42.39,49.12,85.67
776,10,0,10,0.0,2.35,7.07,5.05,1.86,3.76,5.51,6.78,7.07
600,10,0,10,0.0,15.5,144.0,42.86,37.28,25.12,28.5,46.25,101.05
839,10,0,10,0.0,6.14,33.41,17.33,10.64,6.84,17.56,25.04,31.87
345,10,0,10,0.0,0.77,38.52,7.99,11.76,0.97,2.5,9.41,27.93
415,10,0,10,0.0,37.5,302.0,119.27,77.07,75.55,101.0,125.5,252.05
261,10,0,10,0.0,0.99,335.5,71.03,103.28,11.84,21.49,83.0,248.62
759,10,0,10,0.0,0.77,9.99,4.58,3.41,2.15,3.81,7.64,9.52
67,10,0,10,0.0,6.7,37.91,13.94,8.58,11.85,11.85,11.85,26.18
707,10,0,10,0.0,3.2,25.0,13.42,7.42,10.0,13.5,15.0,25.0
1139,10,0,10,0.0,0.76,99.95,39.35,31.86,17.02,34.94,61.13,85.34
763,10,0,10,0.0,886.0,1398.0,1127.61,176.21,1000.5,1055.2,1282.3,1371.58
1046,10,0,10,0.0,22.25,498.52,206.91,172.47,60.07,170.4,341.75,464.4
366,10,0,10,0.0,10.0,237.63,59.54,69.72,17.38,33.36,76.36,175.7
232,10,0,10,0.0,7.25,226.5,69.13,79.87,10.52,17.09,119.32,198.19
667,10,0,10,0.0,0.8,127.85,54.58,46.66,13.75,55.5,78.55,124.32
276,10,0,10,0.0,0.12,114.0,14.77,35.13,0.82,1.98,9.33,68.1
1199,10,0,10,0.0,3.6,33.19,7.91,9.13,3.6,3.6,8.0,22.02
519,10,0,10,0.0,68.95,366.09,177.43,97.13,103.84,164.87,227.89,331.4
633,10,0,10,0.0,5.95,152.52,66.24,50.9,27.67,57.0,96.72,142.39
119,10,0,10,0.0,0.0,242.8,51.4,81.87,2.69,8.22,48.75,201.94
302,10,0,10,0.0,20.0,658.2,251.38,258.92,36.95,124.98,471.67,631.6
1108,10,0,10,0.0,2.5,44.22,18.43,12.84,11.7,15.47,25.25,37.82
294,10,0,10,0.0,1.48,117.98,27.8,35.98,6.48,12.36,39.4,87.48
1053,10,0,10,0.0,8.49,42.6,22.0,10.87,19.99,19.99,19.99,40.98
370,10,0,10,0.0,20.23,259.62,76.85,71.59,35.72,53.9,89.98,196.12
746,10,0,10,0.0,0.89,99.99,77.18,40.44,89.99,94.99,99.99,99.99
322,10,0,10,0.0,5.01,201.57,52.39,56.53,17.77,44.95,51.6,142.75
243,10,0,10,0.0,4.0,39.0,23.88,13.5,15.95,15.95,39.0,39.0
371,10,0,10,0.0,7.5,50.0,27.03,17.91,11.5,22.53,42.81,50.0
818,10,0,10,0.0,0.89,119.44,39.75,38.43,9.74,33.17,57.6,100.11
819,10,0,10,0.0,3.59,73.0,36.32,24.15,17.04,33.84,56.34,69.4
197,10,0,10,0.0,0.76,54.67,17.84,21.61,1.25,7.48,27.49,54.37
563,9,0,9,0.0,10.0,147.72,56.57,43.82,25.0,39.8,79.64,123.65
6,0,9,9,930.28,0.0,648.0,103.36,212.13,0.83,1.0,111.7,450.18
853,9,0,9,0.0,0.99,3.11,1.55,0.75,1.0,1.0,1.79,2.76
507,9,0,9,0.0,15.17,337.6,141.94,107.53,64.1,140.49,156.98,314.71
405,9,0,9,0.0,97.55,372.3,149.24,101.47,100.0,100.0,100.0,332.7
961,9,0,9,0.0,4.71,117.99,17.96,37.52,4.71,5.89,6.05,73.21
628,9,0,9,0.0,136.0,750.0,380.44,209.52,250.0,300.0,500.0,710.0
848,9,0,9,0.0,0.01,198.0,39.45,64.05,5.16,17.66,22.79,150.4
649,9,0,9,0.0,1.0,15.0,6.26,6.24,1.0,2.0,10.8,14.96
635,9,0,9,0.0,548.09,804.96,664.99,84.54,618.25,651.94,712.19,792.26
457,9,0,9,0.0,23.0,252.0,105.6,83.48,60.44,69.98,102.85,248.79
448,9,0,9,0.0,15.0,131.33,55.84,44.45,15.0,40.0,72.0,127.37
461,9,0,9,0.0,11.35,403.05,185.25,137.97,66.12,189.4,279.05,367.0
637,9,0,9,0.0,1.0,43.48,8.0,13.41,3.2,4.0,5.0,28.41
922,9,0,9,0.0,0.9,60.29,13.46,18.79,5.41,6.02,7.0,46.06
803,9,0,9,0.0,65.68,409.23,178.43,114.57,84.05,142.51,208.36,366.11
817,9,0,9,0.0,0.89,115.0,24.04,36.55,5.0,9.99,23.16,86.12
463,9,0,9,0.0,74.0,214.0,149.18,50.6,110.6,158.0,180.0,209.2
907,9,0,9,0.0,0.0,75.08,32.32,28.65,9.09,21.13,59.77,70.07
471,9,0,9,0.0,9.08,169.11,59.93,60.15,14.0,28.0,68.89,161.43
825,9,0,9,0.0,1.99,210.21,46.59,70.79,10.82,15.93,22.39,173.44
779,9,0,9,0.0,1.0,156.18,57.25,53.22,30.0,38.91,43.84,149.67
587,9,0,9,0.0,1385.0,2151.0,1752.67,248.95,1600.0,1691.0,1944.0,2090.6
949,9,0,9,0.0,6.27,262.7,59.73,77.75,29.99,39.11,51.84,178.92
486,9,0,9,0.0,17.1,159.14,59.14,49.18,27.6,35.0,96.0,137.26
412,9,0,9,0.0,0.0,183.57,51.55,66.3,4.85,17.04,83.4,161.59
756,9,0,9,0.0,4.99,257.4,123.78,105.58,48.0,60.5,234.0,255.72
918,9,0,9,0.0,1.0,59.9,15.08,20.56,1.98,5.48,14.07,51.52
1182,9,0,9,0.0,5.99,64.99,29.29,20.54,13.03,22.8,41.88,60.99
340,9,0,9,0.0,0.76,0.76,0.76,0.0,0.76,0.76,0.76,0.76
1119,9,0,9,0.0,5.0,212.58,58.55,63.02,23.8,42.81,42.81,166.51
60,9,0,9,0.0,5.0,270.37,44.73,85.05,10.0,15.95,26.8,173.82
1085,9,0,9,0.0,7.38,99.1,54.64,37.43,17.43,68.98,87.45,96.86
217,9,0,9,0.0,5.0,201.91,42.53,65.59,9.49,9.99,44.99,155.71
235,9,0,9,0.0,1.0,187.88,45.31,72.29,5.17,11.99,18.96,174.85
220,9,0,9,0.0,1.0,251.91,50.72,79.3,7.38,19.57,36.0,183.6
1111,9,0,9,0.0,10.7,58.31,19.16,15.79,12.31,12.31,12.31,46.81
1035,9,0,9,0.0,0.77,7.68,3.2,2.69,0.92,2.31,3.84,7.53
292,9,0,9,0.0,0.76,49.92,16.09,14.92,10.59,10.59,18.88,39.48
163,8,0,8,0.0,1.27,171.63,31.18,57.39,3.77,13.86,20.55,119.69
172,8,0,8,0.0,2.71,28.24,9.92,10.1,4.39,4.8,10.53,26.76
464,8,0,8,0.0,48.5,227.0,100.4,64.61,51.32,71.25,140.83,198.23
920,8,0,8,0.0,3.26,22.66,13.12,7.49,6.63,13.42,18.2,22.64
1034,8,0,8,0.0,9.99,197.84,96.05,54.78,66.53,95.93,117.88,172.1
601,8,0,8,0.0,39.0,235.5,116.86,61.18,87.3,108.0,138.5,208.37
174,8,0,8,0.0,0.89,89.99,26.58,39.55,1.44,5.33,36.42,89.99
857,8,0,8,0.0,5.23,68.9,20.46,21.67,7.46,9.96,27.39,54.94
1099,8,0,8,0.0,0.76,1.0,0.97,0.08,1.0,1.0,1.0,1.0
526,8,0,8,0.0,4.89,288.58,111.92,92.64,46.43,96.13,136.26,258.52
810,8,0,8,0.0,2.42,36.3,19.24,11.05,12.39,16.84,27.56,34.09
312,8,0,8,0.0,11.35,71.62,38.78,25.18,18.81,30.41,63.52,70.9
121,8,0,8,0.0,2.84,523.62,141.19,184.18,17.16,71.6,165.88,448.86
447,8,0,8,0.0,5.0,245.0,86.98,99.1,13.85,45.7,128.25,242.2
107,8,0,8,0.0,3.03,119.0,44.89,48.13,9.89,25.38,68.44,118.59
4,8,0,8,0.0,0.76,217.14,43.83,77.6,1.0,5.64,39.84,175.97
799,8,0,8,0.0,0.89,22.82,7.15,6.68,3.85,5.86,6.66,17.63
648,8,0,8,0.0,104.5,464.0,265.15,131.22,166.16,250.0,368.52,439.53
594,8,0,8,0.0,10.0,80.0,33.02,32.09,10.0,10.0,65.15,76.85
182,8,0,8,0.0,0.89,8.97,7.39,3.05,7.84,8.94,8.94,8.97
836,8,0,8,0.0,4.02,103.0,36.55,34.56,11.47,22.48,58.94,88.57
101,8,0,8,0.0,5.0,445.5,129.08,139.19,53.02,79.6,150.5,353.07
522,8,0,8,0.0,10.0,75.0,39.93,20.85,24.38,40.0,51.74,68.68
880,8,0,8,0.0,6.29,80.1,23.06,25.03,8.64,10.68,29.12,63.28
518,8,0,8,0.0,822.03,1526.92,1175.68,256.52,994.1,1170.0,1387.9,1479.0
517,8,0,8,0.0,946.86,1166.92,1049.34,88.15,969.02,1054.29,1111.71,1160.65
889,8,0,8,0.0,1.83,19.58,7.11,6.03,3.96,5.02,7.35,17.22
870,8,0,8,0.0,1.0,144.56,38.26,60.78,1.0,1.0,54.78,137.81
234,8,0,8,0.0,4.15,239.98,98.37,93.67,7.4,84.38,165.38,229.27
13,8,0,8,0.0,0.77,22.75,4.75,8.05,0.77,0.77,3.23,18.5
552,8,0,8,0.0,27.99,200.7,83.15,53.59,54.57,73.61,90.73,167.2
214,8,0,8,0.0,0.76,1.0,0.82,0.11,0.76,0.76,0.82,1.0
1067,8,0,8,0.0,0.77,3.83,2.59,0.96,2.58,2.92,2.92,3.51
239,8,0,8,0.0,1.0,81.9,23.94,30.67,1.86,8.32,37.38,73.54
899,8,0,8,0.0,0.0,144.57,47.94,57.48,1.38,20.74,90.48,133.01
855,8,0,8,0.0,16.0,118.8,54.3,37.31,22.99,44.8,79.5,108.72
901,8,0,8,0.0,0.76,151.33,42.97,50.14,9.3,28.09,58.34,120.28
201,8,0,8,0.0,298.56,500.0,466.4,71.8,483.16,500.0,500.0,500.0
1048,8,0,8,0.0,7.07,57.01,27.95,20.35,9.98,23.22,41.36,57.01
16,8,0,8,0.0,120.0,669.4,329.85,172.86,228.66,318.86,378.4,591.0
258,8,0,8,0.0,0.89,5.34,2.07,1.87,1.0,1.0,2.33,5.15
843,8,0,8,0.0,1.0,114.32,45.57,41.72,11.61,39.74,61.52,108.96
185,8,0,8,0.0,0.01,109.72,23.93,36.74,0.01,13.31,23.77,83.59
102,8,0,8,0.0,3.95,132.74,57.31,46.69,16.35,56.95,85.88,121.98
130,8,0,8,0.0,5.0,33.0,16.44,12.28,5.0,12.2,29.48,31.84
675,8,0,8,0.0,7.9,37.5,16.54,11.63,8.74,11.0,20.0,35.57
1132,8,0,8,0.0,4.98,151.33,83.06,52.42,49.95,91.2,111.0,148.76
61,8,0,8,0.0,0.02,158.66,46.27,52.68,11.41,29.69,65.5,128.15
437,8,0,8,0.0,22.75,118.0,63.2,39.29,30.03,57.14,94.55,112.82
364,8,0,8,0.0,1.29,95.0,22.66,32.27,6.45,9.37,18.75,77.5
760,8,0,8,0.0,2.0,89.99,27.43,30.63,7.27,13.24,44.99,74.24
692,8,0,8,0.0,4.13,177.0,57.02,70.71,11.5,27.5,67.0,172.1
416,8,0,8,0.0,0.76,217.04,42.68,74.31,2.52,12.38,34.98,166.23
73,8,0,8,0.0,0.89,69.32,12.57,23.15,1.71,5.24,7.74,48.56
74,8,0,8,0.0,1.0,40.0,18.62,15.71,6.83,12.86,34.36,38.6
719,8,0,8,0.0,2.39,76.69,23.33,27.97,5.48,10.5,28.85,69.8
423,8,0,8,0.0,7.44,29.85,15.57,7.75,9.32,15.53,19.4,26.19
372,8,0,8,0.0,0.76,1.0,0.94,0.11,0.94,1.0,1.0,1.0
51,8,0,8,0.0,219.0,708.33,554.99,160.33,485.85,594.07,663.19,706.38
989,8,0,8,0.0,0.77,7.7,3.9,2.65,2.4,3.74,4.76,7.7
977,8,0,8,0.0,7.56,75.31,33.25,34.69,7.6,8.93,75.02,75.23
434,8,0,8,0.0,4.0,120.8,48.85,36.56,22.9,46.46,65.06,101.89
726,8,0,8,0.0,0.89,19.03,3.38,6.33,0.89,0.99,1.61,13.0
339,8,0,8,0.0,4.95,91.99,31.52,27.56,13.36,27.7,37.5,73.76
335,8,0,8,0.0,4.38,58.09,21.43,21.41,7.1,10.14,31.42,55.5
46,8,0,8,0.0,0.77,150.0,40.77,48.78,11.5,25.44,52.12,117.97
972,8,0,8,0.0,1.42,19.13,5.37,5.91,1.86,3.72,4.8,15.12
332,8,0,8,0.0,0.01,109.9,30.78,35.83,7.72,19.77,37.33,88.93
1164,7,0,7,0.0,1.29,84.8,14.19,31.15,1.64,2.69,3.64,60.46
565,7,0,7,0.0,2.95,156.9,66.02,57.39,21.01,49.0,105.66,142.77
202,7,0,7,0.0,2.99,38.95,17.83,13.31,10.02,14.32,24.26,37.33
529,7,0,7,0.0,14.17,159.0,60.15,48.38,32.25,60.0,61.7,130.17
56,7,0,7,0.0,0.76,14.5,4.53,4.99,1.98,1.98,5.24,12.54
1074,7,0,7,0.0,5.64,46.03,26.17,13.48,19.93,22.25,34.71,43.88
570,7,0,7,0.0,18.0,245.16,104.78,71.54,74.15,90.0,116.0,212.11
758,7,0,7,0.0,11.33,146.79,66.52,45.65,37.4,65.03,83.84,132.75
852,7,0,7,0.0,79.5,374.8,222.64,101.48,150.58,251.5,275.75,352.36
1169,7,0,7,0.0,8.99,94.46,32.34,30.77,13.8,17.99,38.68,81.23
724,7,0,7,0.0,11.5,21.5,16.95,4.17,13.95,17.0,20.38,21.28
55,7,0,7,0.0,1113.08,1434.92,1259.2,103.51,1206.24,1273.62,1290.16,1396.22
867,7,0,7,0.0,7.56,75.31,22.8,24.56,7.57,10.63,25.48,60.81
751,7,0,7,0.0,30.0,200.44,106.95,64.56,53.49,119.55,145.85,191.81
714,7,0,7,0.0,16.48,125.9,57.78,37.29,32.95,48.98,73.6,111.83
716,7,0,7,0.0,5.0,52.34,16.76,16.06,10.0,10.0,15.0,41.14
879,7,0,7,0.0,7.14,156.99,55.83,49.75,24.19,53.1,62.6,130.69
554,7,0,7,0.0,4.25,210.4,100.37,70.25,54.3,92.51,143.43,191.68
750,7,0,7,0.0,15.17,98.36,46.09,33.03,21.09,27.23,69.86,91.89
1076,7,0,7,0.0,1.0,27.68,11.04,11.24,1.0,6.64,19.96,25.38
218,7,0,7,0.0,2.01,39.46,24.78,13.4,17.99,25.28,35.35,39.17
47,7,0,7,0.0,924.27,1233.56,1093.08,108.67,1026.2,1123.55,1158.9,1214.13
876,7,0,7,0.0,0.0,91.67,29.25,35.63,2.71,20.06,43.79,83.82
862,7,0,7,0.0,0.0,39.41,10.87,15.48,0.0,0.0,18.34,34.4
1176,7,0,7,0.0,1.0,35.0,13.97,10.58,10.0,11.5,15.15,30.02
651,7,0,7,0.0,0.89,26.99,8.58,11.26,1.79,2.69,12.94,25.76
1082,7,0,7,0.0,388.41,549.01,471.97,66.07,422.03,465.92,528.2,549.01
847,7,0,7,0.0,0.92,39.99,8.98,13.86,2.38,3.76,6.72,30.3
1110,7,0,7,0.0,425.0,679.48,552.48,90.61,501.75,544.0,607.69,673.64
160,7,0,7,0.0,0.01,62.99,25.0,23.26,7.48,16.98,40.03,56.72
159,7,0,7,0.0,2.69,22.99,13.16,8.11,6.22,16.0,18.99,22.09
150,7,0,7,0.0,0.83,166.85,38.31,58.86,7.26,9.4,38.26,130.38
82,7,0,7,0.0,0.99,78.7,35.04,28.92,10.02,45.58,49.98,70.16
134,7,0,7,0.0,50.0,185.0,111.4,57.67,55.67,117.54,157.95,179.72
1127,7,0,7,0.0,33.5,144.0,76.32,34.48,61.48,65.0,84.38,126.9
662,7,0,7,0.0,3.61,216.94,61.94,85.67,7.72,21.71,87.95,196.92
164,7,0,7,0.0,0.0,299.89,68.4,110.97,5.0,18.96,74.97,247.42
792,7,0,7,0.0,4.31,56.0,25.01,18.74,10.44,23.93,34.99,50.65
657,7,0,7,0.0,1.79,49.9,28.1,18.56,15.0,29.9,42.54,49.65
99,7,0,7,0.0,11.2,255.0,103.26,90.95,36.3,84.0,150.02,236.41
110,7,0,7,0.0,4.54,46.8,20.54,17.96,9.57,10.73,31.3,46.5
40,7,0,7,0.0,1408.5,1736.0,1576.54,134.39,1453.04,1636.2,1674.52,1722.51
100,7,0,7,0.0,5.95,139.9,47.49,47.78,10.0,41.96,62.32,119.21
80,7,0,7,0.0,2.12,11.27,7.32,4.68,2.44,10.47,11.27,11.27
1144,7,0,7,0.0,0.89,2.69,1.16,0.68,0.89,0.89,0.94,2.18
697,7,0,7,0.0,15.0,107.69,51.83,34.23,26.72,38.73,73.97,99.07
1153,7,0,7,0.0,7.05,42.5,18.25,12.48,9.82,12.6,22.99,36.89
578,7,0,7,0.0,826.6,1000.0,938.46,66.37,902.82,936.99,1000.0,1000.0
188,7,0,7,0.0,1.46,7.99,4.53,3.08,2.0,2.92,7.68,7.9
841,7,0,7,0.0,10.0,42.83,30.29,13.3,20.09,36.44,41.3,42.77
583,7,0,7,0.0,1318.0,1826.6,1503.79,182.9,1391.96,1411.22,1593.38,1779.95
696,7,0,7,0.0,24.99,153.0,84.71,51.0,49.5,79.0,118.5,151.5
589,7,0,7,0.0,4.73,110.75,48.47,36.2,21.92,47.61,66.18,98.48
1086,7,0,7,0.0,6.99,120.98,41.28,41.1,15.12,19.72,55.51,105.4
606,7,0,7,0.0,7.49,162.63,57.19,62.16,16.5,18.97,89.1,151.77
690,7,0,7,0.0,10.0,133.65,66.29,44.83,32.5,70.75,92.3,123.18
597,7,0,7,0.0,5.0,71.09,40.32,23.72,25.11,38.0,58.97,67.46
686,7,0,7,0.0,10.0,24.0,16.86,6.2,11.0,18.0,22.0,24.0
173,7,0,7,0.0,2.99,209.0,57.42,73.07,13.68,32.13,65.24,174.11
682,7,0,7,0.0,10.0,77.8,29.82,26.26,15.0,15.0,37.98,71.26
603,7,0,7,0.0,14.8,120.0,70.11,42.2,38.0,75.0,102.5,120.0
227,7,0,7,0.0,0.0,65.1,14.54,23.32,0.38,7.55,14.17,51.26
1200,7,0,7,0.0,5.6,60.0,26.31,19.35,10.45,28.89,34.4,53.7
734,7,0,7,0.0,0.15,7.7,2.79,3.37,0.83,0.89,4.58,7.7
510,7,0,7,0.0,1.8,288.61,150.86,100.48,97.1,157.62,206.9,273.22
483,7,0,7,0.0,6.26,108.9,37.52,33.85,20.4,26.8,39.95,89.7
280,7,0,7,0.0,9.94,49.9,31.23,15.74,19.95,29.0,44.94,49.9
358,7,0,7,0.0,24.9,420.0,138.47,145.73,46.06,83.04,174.62,369.9
278,7,0,7,0.0,0.79,132.1,35.69,53.23,1.79,5.19,54.08,119.47
25,7,0,7,0.0,84.0,617.9,382.49,204.82,258.5,316.43,571.05,610.29
413,7,0,7,0.0,0.75,83.4,28.58,29.16,8.41,16.25,41.4,71.86
957,7,0,7,0.0,1.0,18.0,3.43,6.43,1.0,1.0,1.0,12.9
445,7,0,7,0.0,28.0,160.0,106.9,46.69,89.9,111.0,134.75,159.4
474,7,0,7,0.0,20.0,150.0,90.06,64.38,22.5,132.0,141.7,150.0
475,7,0,7,0.0,12.0,220.42,65.35,69.84,37.5,50.0,50.0,169.29
1043,7,0,7,0.0,8.3,56.91,22.61,17.81,10.78,13.56,28.95,50.33
1049,7,0,7,0.0,1.0,24.95,4.42,9.05,1.0,1.0,1.0,17.76
245,7,0,7,0.0,0.76,42.18,9.32,15.91,0.88,1.0,9.76,35.08
347,7,0,7,0.0,0.01,157.3,50.3,57.47,13.24,30.0,69.14,140.11
1010,7,0,7,0.0,699.0,910.72,810.22,71.41,781.95,799.0,849.48,904.5
260,7,0,7,0.0,7.58,39.0,19.47,13.74,9.4,15.95,27.48,39.0
908,7,0,7,0.0,0.0,138.44,40.94,50.75,2.28,34.13,54.72,119.5
28,7,0,7,0.0,1.0,129.43,38.68,51.67,3.14,9.99,62.02,118.49
262,7,0,7,0.0,4.99,144.3,48.18,46.51,23.07,39.95,50.94,119.26
438,7,0,7,0.0,7.42,165.47,88.56,58.42,51.05,79.99,132.48,157.82
915,7,0,7,0.0,0.0,143.48,47.6,49.52,16.26,27.14,65.01,121.9
32,7,0,7,0.0,0.76,85.25,13.01,31.86,0.76,0.76,1.38,60.27
337,7,0,7,0.0,1.0,5.0,2.71,2.14,1.0,1.0,5.0,5.0
233,7,0,7,0.0,0.01,0.01,0.01,0.0,0.01,0.01,0.01,0.01
890,7,0,7,0.0,31.51,134.1,71.47,41.27,40.92,48.0,102.41,128.62
230,7,0,7,0.0,4.49,195.4,52.57,74.07,7.88,17.31,67.51,171.29
981,7,0,7,0.0,1.78,34.0,16.64,10.51,9.99,18.0,21.36,30.71
924,7,0,7,0.0,0.76,0.76,0.76,0.0,0.76,0.76,0.76,0.76
459,7,0,7,0.0,10.5,99.0,34.38,30.73,15.22,25.0,37.84,82.5
369,7,0,7,0.0,19.95,154.9,52.67,49.98,21.96,24.99,62.48,132.41
44,7,0,7,0.0,1.0,99.99,29.73,48.01,1.0,1.51,51.79,99.99
888,7,0,7,0.0,7.05,23.34,13.43,6.35,9.1,10.65,17.4,22.54
921,7,0,7,0.0,0.1,69.01,36.28,30.16,8.42,46.91,60.54,68.54
229,7,0,7,0.0,10.83,213.91,78.63,75.31,16.86,66.0,113.0,190.24
1019,7,0,7,0.0,614.55,871.62,738.89,95.74,676.04,740.0,796.98,863.51
466,7,0,7,0.0,32.5,250.5,112.98,90.67,52.52,79.0,161.93,245.85
968,7,0,7,0.0,4.99,91.95,25.91,32.22,7.49,11.5,28.97,77.85
140,6,0,6,0.0,1.29,17.99,5.9,6.12,2.61,4.49,5.01,14.79
929,6,0,6,0.0,4.39,160.3,53.23,57.08,14.67,43.26,58.1,135.23
143,6,0,6,0.0,0.79,33.85,8.14,12.65,3.12,3.6,3.94,26.38
440,6,0,6,0.0,15.0,95.0,50.4,37.02,17.5,43.7,83.1,93.75
305,6,0,6,0.0,11.5,68.9,50.72,21.12,47.25,55.95,64.76,68.19
441,6,0,6,0.0,117.7,435.7,308.85,104.43,313.5,318.5,342.78,414.2
436,6,0,6,0.0,5.49,90.12,36.95,32.87,11.23,32.47,50.88,80.39
1204,6,0,6,0.0,17.33,105.13,65.76,34.38,40.79,78.16,85.11,100.14
115,6,0,6,0.0,0.89,3.59,1.94,0.88,1.79,1.79,1.79,3.14
453,6,0,6,0.0,21.2,56.0,40.32,14.38,28.69,44.88,50.0,54.5
641,6,0,6,0.0,10.0,128.71,69.62,52.53,31.0,60.12,118.15,128.48
129,6,0,6,0.0,3.9,20.0,8.15,6.19,5.0,5.0,8.75,17.5
125,6,0,6,0.0,19.99,107.1,57.28,31.75,33.72,60.0,68.74,97.82
807,6,0,6,0.0,1.0,61.0,18.04,24.32,1.75,5.99,26.94,54.06
886,6,0,6,0.0,0.89,7.18,2.14,2.51,0.89,0.94,1.74,5.88
1214,6,0,6,0.0,17.43,221.03,98.5,87.89,24.75,78.26,161.42,208.78
317,6,0,6,0.0,0.92,19.26,6.17,6.63,3.21,3.85,5.58,15.99
1194,6,0,6,0.0,1.29,50.0,14.92,19.53,2.15,5.18,21.34,43.98
91,6,0,6,0.0,37.83,65.87,56.74,10.15,55.9,58.38,63.26,65.62
794,6,0,6,0.0,0.76,169.43,70.05,77.64,0.82,60.5,126.26,159.16
399,6,0,6,0.0,1975.4,2892.97,2451.73,305.97,2360.48,2430.4,2590.64,2827.71
406,6,0,6,0.0,890.0,1343.42,1104.02,155.95,1019.94,1106.72,1166.38,1300.06
404,6,0,6,0.0,699.0,1199.0,901.24,213.76,712.97,867.45,1051.66,1168.14
704,6,0,6,0.0,15.0,126.75,45.26,48.72,15.0,15.0,67.35,116.26
365,6,0,6,0.0,6.99,59.0,31.64,19.19,21.21,27.47,44.23,56.5
735,6,0,6,0.0,0.89,78.48,20.96,29.8,2.3,9.34,23.14,65.28
755,6,0,6,0.0,0.76,19.18,5.44,7.23,0.86,2.12,6.54,16.31
1173,6,0,6,0.0,7.49,109.2,45.02,38.48,17.88,35.58,61.63,99.4
1158,6,0,6,0.0,0.89,53.0,20.68,22.32,6.77,9.62,36.25,51.0
395,6,0,6,0.0,0.99,19.3,6.3,8.0,1.04,1.58,10.51,17.81
965,6,0,6,0.0,38.75,146.89,114.19,46.82,88.95,141.88,143.8,146.12
392,6,0,6,0.0,41.64,212.55,125.07,73.03,65.08,119.7,187.39,209.76
728,6,0,6,0.0,536.36,823.0,652.03,113.88,560.13,631.25,723.22,803.0
731,6,0,6,0.0,0.23,8.99,4.45,3.86,1.62,3.5,7.99,8.98
737,6,0,6,0.0,4.67,75.86,23.65,26.6,8.32,14.79,22.9,62.95
987,6,0,6,0.0,572.84,800.0,702.46,76.89,689.29,698.6,743.56,789.19
1157,6,0,6,0.0,5.99,92.4,46.09,32.42,20.97,51.36,61.3,84.93
793,6,0,6,0.0,0.49,12.1,2.84,4.56,0.78,0.94,1.59,9.52
26,6,0,6,0.0,4.27,258.32,57.84,98.47,18.75,21.22,23.34,199.71
98,6,0,6,0.0,10.0,54.99,34.6,17.0,24.36,35.56,47.04,53.74
659,6,0,6,0.0,12.05,69.0,46.5,25.69,27.49,52.0,69.0,69.0
1203,6,0,6,0.0,30.0,107.54,63.24,31.18,37.72,59.43,84.29,102.76
27,6,0,6,0.0,20.0,20.0,20.0,0.0,20.0,20.0,20.0,20.0
95,6,0,6,0.0,2294.56,3383.28,2808.57,419.83,2481.38,2823.54,3075.27,3316.96
619,6,0,6,0.0,1.0,396.0,116.11,157.18,4.5,48.53,171.72,347.4
348,6,0,6,0.0,0.76,66.45,11.75,26.8,0.76,0.76,0.94,50.09
698,6,0,6,0.0,10.0,70.86,44.35,24.69,27.8,46.75,64.39,69.61
1001,6,0,6,0.0,7.9,69.0,30.51,21.55,19.36,23.84,36.43,61.74
774,6,0,6,0.0,0.76,0.76,0.76,0.0,0.76,0.76,0.76,0.76
679,6,0,6,0.0,11.0,301.35,127.72,120.83,30.71,100.5,209.25,281.76
765,6,0,6,0.0,2.9,29.99,17.36,11.45,8.94,16.8,27.7,29.99
65,6,0,6,0.0,1.51,7.56,4.54,3.31,1.51,4.54,7.56,7.56
990,6,0,6,0.0,11.39,91.69,45.3,29.6,25.38,42.16,58.98,83.7
1101,6,0,6,0.0,81.1,283.0,154.74,71.62,114.65,134.79,173.83,257.53
885,6,0,6,0.0,1.0,144.37,36.75,53.86,7.74,19.97,28.66,115.83
1100,6,0,6,0.0,5.99,213.2,95.46,78.96,32.49,102.3,130.4,194.65
975,6,0,6,0.0,0.76,0.76,0.76,0.0,0.76,0.76,0.76,0.76
910,6,0,6,0.0,2.28,67.46,29.62,30.27,6.07,18.8,56.09,67.46
579,6,0,6,0.0,797.53,1009.28,911.97,102.25,818.45,930.3,1000.0,1006.96
909,6,0,6,0.0,5.67,44.59,20.19,13.16,14.12,18.84,20.19,38.49
198,6,0,6,0.0,44.17,112.0,65.52,25.25,51.62,54.49,71.6,103.12
248,6,0,6,0.0,10.71,71.8,39.22,22.05,24.12,41.05,49.42,66.65
569,6,0,6,0.0,15.0,25.0,18.66,4.32,15.0,17.48,21.49,24.25
242,6,0,6,0.0,1.29,59.99,18.51,21.91,3.84,13.49,19.99,49.99
14,6,0,6,0.0,5.96,46.32,20.65,13.63,15.2,18.17,20.36,39.83
1193,6,0,6,0.0,45.0,125.0,67.5,35.74,45.0,45.0,86.25,118.75
35,6,0,6,0.0,0.12,74.9,15.94,29.82,0.28,0.76,14.44,60.92
206,6,0,6,0.0,6.99,150.38,33.06,57.61,6.99,8.5,15.24,117.03
894,6,0,6,0.0,0.0,113.49,25.21,43.63,5.23,7.67,15.41,89.48
860,6,0,6,0.0,4.72,57.32,26.19,19.53,12.39,22.98,35.98,52.82
1045,6,0,6,0.0,12.31,58.31,19.98,18.78,12.31,12.31,12.31,46.81
892,6,0,6,0.0,1.51,98.09,37.58,40.03,4.75,26.97,62.68,90.6
1210,6,0,6,0.0,6.2,76.97,45.03,30.49,18.77,55.18,66.31,74.67
236,6,0,6,0.0,4.71,211.35,53.97,79.07,12.27,21.5,47.05,172.26
511,6,0,6,0.0,4.31,164.51,61.24,56.26,27.76,54.5,66.73,140.93
863,6,0,6,0.0,1.0,19.95,14.18,7.22,12.29,16.53,19.26,19.89
513,6,0,6,0.0,15.13,86.0,37.21,26.44,21.68,26.41,43.5,76.5
542,6,0,6,0.0,8.0,62.0,28.62,21.71,12.25,22.0,42.05,58.43
873,6,0,6,0.0,0.76,95.22,34.08,35.28,11.75,21.56,48.07,85.1
222,6,0,6,0.0,0.93,7.99,2.36,2.8,1.0,1.0,1.94,6.56
33,6,0,6,0.0,58.41,398.38,193.57,134.09,98.0,151.94,278.53,375.53
1051,6,0,6,0.0,1.0,56.0,12.03,22.0,1.0,1.0,9.37,45.04
531,6,0,6,0.0,22.5,95.9,48.98,26.8,29.38,48.5,53.71,85.66
914,6,0,6,0.0,0.79,52.46,21.32,20.52,5.69,16.28,34.02,48.6
37,6,0,6,0.0,0.0,356.32,67.97,142.47,1.12,1.58,35.91,279.04
468,6,0,6,0.0,5.0,50.0,25.83,19.6,12.5,20.0,42.5,50.0
154,6,0,6,0.0,0.0,45.48,20.4,16.78,8.72,19.13,29.85,42.07
1186,6,0,6,0.0,0.0,41.72,18.71,16.77,6.18,16.3,30.42,40.04
1030,6,0,6,0.0,0.76,0.76,0.76,0.0,0.76,0.76,0.76,0.76
295,6,0,6,0.0,38.5,189.0,134.14,67.05,83.98,167.48,181.55,187.37
162,6,0,6,0.0,7.86,49.44,21.53,16.77,10.78,13.26,29.88,45.78
285,6,0,6,0.0,158.0,436.0,301.79,101.84,257.88,282.73,371.93,427.19
470,6,0,6,0.0,10.0,98.95,46.9,39.17,15.35,35.7,78.31,96.98
458,6,0,6,0.0,688.0,1150.59,949.64,171.9,860.83,959.48,1074.11,1139.63
820,6,0,6,0.0,20.0,104.5,49.72,28.62,39.0,44.45,46.91,90.1
591,6,0,6,0.0,2.0,59.99,29.04,23.72,17.43,18.99,47.75,59.24
175,6,0,6,0.0,0.92,10.74,8.06,3.57,8.94,8.96,9.62,10.52
153,6,0,6,0.0,1071.0,1733.78,1423.86,244.85,1264.9,1471.14,1567.75,1695.08
477,6,0,6,0.0,4.0,111.19,52.02,42.14,15.5,59.99,72.21,101.63
878,5,0,5,0.0,1.14,3.99,2.1,1.09,1.79,1.79,1.79,3.55
887,5,0,5,0.0,0.76,168.72,54.65,66.59,21.94,27.23,54.6,145.9
753,5,0,5,0.0,9.31,295.55,145.15,134.38,17.61,136.38,266.89,289.82
868,5,0,5,0.0,5.99,54.95,21.99,20.07,9.99,11.99,27.05,49.37
1201,5,0,5,0.0,9.99,94.75,48.93,36.39,29.98,29.99,79.95,91.79
973,5,0,5,0.0,7.9,59.5,24.31,20.65,11.77,17.9,24.49,52.5
864,5,0,5,0.0,0.0,16.76,10.63,6.99,7.35,13.08,15.95,16.6
738,5,0,5,0.0,5.67,184.48,44.16,78.51,6.05,11.55,13.04,150.19
1054,5,0,5,0.0,3.69,28.92,16.03,11.64,3.85,19.89,23.8,27.9
881,5,0,5,0.0,0.89,4.49,1.97,1.48,0.89,1.79,1.79,3.95
805,5,0,5,0.0,1.89,228.84,83.6,95.25,16.48,40.63,130.15,209.1
1021,5,0,5,0.0,4.78,57.94,20.45,23.63,4.78,4.78,29.99,52.35
1090,5,0,5,0.0,89.09,153.81,125.98,26.78,113.2,124.02,149.76,153.0
858,5,0,5,0.0,0.76,33.01,18.16,14.5,8.42,15.72,32.89,32.99
962,5,0,5,0.0,209.03,468.0,328.46,93.36,298.0,325.1,342.17,442.83
1028,5,0,5,0.0,7.7,80.09,36.07,29.49,10.0,40.4,42.17,72.51
1180,5,0,5,0.0,1.0,1.0,1.0,0.0,1.0,1.0,1.0,1.0
1171,5,0,5,0.0,0.0,84.95,28.33,35.18,1.0,17.95,37.73,75.51
1208,5,0,5,0.0,1.18,24.95,9.26,10.22,1.18,4.99,14.0,22.76
1172,5,0,5,0.0,1.98,68.61,31.41,26.5,9.99,36.5,39.99,62.89
963,5,0,5,0.0,9.46,30.0,18.73,10.05,10.22,15.0,28.95,29.79
871,5,0,5,0.0,0.05,25.9,18.72,11.11,16.87,24.9,25.9,25.9
893,5,0,5,0.0,13.39,79.0,51.88,31.26,22.63,70.0,74.39,78.08
985,5,0,5,0.0,0.02,180.36,53.72,73.27,10.41,27.94,49.85,154.26
742,5,0,5,0.0,0.76,47.96,17.15,19.73,0.76,12.31,23.98,43.16
749,5,0,5,0.0,34.66,162.15,95.45,48.71,75.46,81.9,123.1,154.34
743,5,0,5,0.0,0.78,117.0,31.55,48.25,9.99,9.99,19.99,97.6
875,5,0,5,0.0,0.49,41.6,12.51,16.5,6.01,6.9,7.56,34.79
1106,5,0,5,0.0,441.0,540.02,496.2,35.39,500.0,500.0,500.0,532.02
1179,5,0,5,0.0,23.99,75.86,43.49,21.2,25.95,40.82,50.85,70.86
1211,5,0,5,0.0,0.01,59.9,14.38,25.77,1.0,1.0,9.99,49.92
917,5,0,5,0.0,1.0,89.65,29.47,37.57,4.99,8.73,43.0,80.32
1197,5,0,5,0.0,2.85,39.05,17.6,15.51,8.1,9.23,28.75,36.99
1156,5,0,5,0.0,24.4,105.84,67.91,29.52,61.4,69.5,78.4,100.35
1137,5,0,5,0.0,1.0,74.99,30.49,32.52,9.99,11.5,54.95,70.98
1087,5,0,5,0.0,6.82,143.68,54.7,54.66,13.46,50.34,59.2,126.78
1131,5,0,5,0.0,33.55,101.25,67.92,31.79,37.0,72.0,95.82,100.16
1191,5,0,5,0.0,0.3,3.99,1.32,1.51,0.77,0.77,0.77,3.35
790,5,0,5,0.0,9.36,299.28,68.79,128.85,10.7,12.31,12.31,241.89
947,5,0,5,0.0,0.99,9.47,4.54,4.3,1.29,1.98,8.99,9.37
1078,5,0,5,0.0,1.0,5.0,1.8,1.79,1.0,1.0,1.0,4.2
1183,5,0,5,0.0,5.83,65.0,31.37,22.91,15.16,32.18,38.66,59.73
1079,5,0,5,0.0,12.44,28.06,22.61,6.04,22.34,25.0,25.22,27.49
1184,5,0,5,0.0,1.18,135.44,58.75,57.28,20.0,35.14,102.0,128.75
1124,5,0,5,0.0,2.36,55.47,33.37,19.83,29.0,37.21,42.81,52.94
939,5,0,5,0.0,76.1,99.99,94.77,10.45,98.88,98.88,99.99,99.99
842,5,0,5,0.0,1.0,42.95,16.39,15.75,10.75,12.36,14.9,37.34
912,5,0,5,0.0,9.01,89.89,43.22,35.62,10.65,38.03,68.52,85.62
1009,5,0,5,0.0,8.3,67.72,26.54,24.0,11.4,19.77,25.5,59.28
797,5,0,5,0.0,0.76,91.88,40.68,40.16,15.66,20.0,75.08,88.52
838,5,0,5,0.0,0.76,38.23,14.42,15.46,1.5,11.83,19.79,34.54
780,5,0,5,0.0,1.0,66.39,31.96,32.93,1.0,25.0,66.39,66.39
1141,5,0,5,0.0,0.76,26.37,11.73,11.93,1.46,7.7,22.34,25.56
1120,5,0,5,0.0,5.67,57.1,31.3,21.48,15.72,29.99,48.0,55.28
766,5,0,5,0.0,0.76,91.79,32.25,35.04,15.0,23.69,30.0,79.43
1084,5,0,5,0.0,1.0,109.0,62.49,51.42,15.3,78.2,108.95,108.99
1114,5,0,5,0.0,1.0,9.99,4.16,4.39,1.0,1.0,7.8,9.55
896,5,0,5,0.0,9.0,25.45,17.48,6.17,14.42,18.54,20.0,24.36
1150,5,0,5,0.0,25.0,168.2,88.12,66.54,35.0,62.39,150.0,164.56
764,5,0,5,0.0,1.15,56.88,27.99,20.96,18.2,25.69,38.03,53.11
900,5,0,5,0.0,1.52,154.99,76.79,75.14,1.52,77.46,148.46,153.68
998,5,0,5,0.0,1.0,80.84,48.23,31.48,34.29,56.78,68.26,78.32
768,5,0,5,0.0,0.89,0.98,0.93,0.05,0.89,0.89,0.98,0.98
777,5,0,5,0.0,1.0,22.78,6.7,9.15,1.0,3.77,4.97,19.22
769,5,0,5,0.0,912.79,1217.0,1031.84,115.1,976.39,1000.0,1053.0,1184.2
999,5,0,5,0.0,465.05,636.0,531.35,73.71,476.0,500.0,579.71,624.74
956,5,0,5,0.0,5.18,43.0,30.35,15.04,30.25,32.74,40.6,42.52
954,5,0,5,0.0,7.95,97.39,32.18,37.27,10.0,17.95,27.6,83.43
829,5,0,5,0.0,3.99,113.21,47.43,41.87,23.72,37.3,58.95,102.36
1143,5,0,5,0.0,66.28,225.38,125.74,64.37,72.81,121.48,142.76,208.86
830,5,0,5,0.0,1.98,49.99,18.57,19.67,5.0,10.88,24.99,44.99
952,5,0,5,0.0,1.0,89.99,63.19,39.85,44.99,89.99,89.99,89.99
609,5,0,5,0.0,11.4,170.0,58.77,64.3,19.61,40.0,52.85,146.57
418,5,0,5,0.0,152.65,152.65,152.65,0.0,152.65,152.65,152.65,152.65
590,5,0,5,0.0,20.0,79.8,40.15,23.43,25.9,37.14,37.93,71.43
586,5,0,5,0.0,10.0,20.0,18.0,4.47,20.0,20.0,20.0,20.0
421,5,0,5,0.0,559.0,699.0,611.0,52.15,599.0,599.0,599.0,679.0
81,5,0,5,0.0,1.78,14.76,7.35,5.4,2.28,8.92,8.99,13.61
223,5,0,5,0.0,0.99,23.6,6.17,9.81,1.0,1.53,3.75,19.63
216,5,0,5,0.0,1.0,115.0,80.88,46.54,80.4,99.0,109.0,113.8
576,5,0,5,0.0,15.0,122.63,41.53,46.61,15.0,15.0,40.0,106.1
573,5,0,5,0.0,32.0,610.23,244.27,238.02,44.74,209.0,325.36,553.26
89,5,0,5,0.0,0.2,154.19,94.63,59.63,77.47,113.28,128.02,148.96
429,5,0,5,0.0,0.76,39.76,13.7,16.29,1.48,7.55,18.96,35.6
562,5,0,5,0.0,611.0,922.0,784.95,136.61,671.83,832.07,887.86,915.17
211,5,0,5,0.0,0.76,112.95,34.08,45.02,11.88,19.99,24.84,95.33
97,5,0,5,0.0,38.96,274.68,171.18,98.04,99.95,211.63,230.7,265.88
550,5,0,5,0.0,16.8,51.96,31.12,12.84,26.99,29.88,29.99,47.57
105,5,0,5,0.0,0.0,183.3,52.03,78.11,1.18,10.65,65.0,159.64
547,5,0,5,0.0,560.66,830.0,666.11,108.18,578.12,662.78,699.0,803.8
77,5,0,5,0.0,6.99,190.91,72.66,72.62,20.0,69.17,76.22,167.97
592,5,0,5,0.0,16.94,282.9,115.16,115.9,28.0,59.95,188.0,263.92
108,5,0,5,0.0,4.47,11.27,9.12,3.11,7.3,11.27,11.27,11.27
76,5,0,5,0.0,1.58,36.64,15.28,16.65,1.98,6.45,29.76,35.26
263,5,0,5,0.0,20.0,53.33,34.84,14.03,21.5,39.37,40.0,50.66
620,5,0,5,0.0,21.95,125.5,66.26,38.68,45.0,64.95,73.9,115.18
618,5,0,5,0.0,17.77,66.62,42.38,19.39,31.0,40.76,55.76,64.45
68,5,0,5,0.0,18.27,41.03,26.63,9.14,21.0,22.88,29.99,38.82
614,5,0,5,0.0,0.95,12.54,3.29,5.17,0.95,1.0,1.0,10.23
69,5,0,5,0.0,5.42,33.41,13.7,11.49,7.74,7.75,14.17,29.56
612,5,0,5,0.0,75.25,113.74,97.8,16.75,86.43,100.96,112.64,113.52
259,5,0,5,0.0,0.89,4.99,3.17,1.74,1.79,3.85,4.31,4.85
183,5,0,5,0.0,1.5,36.0,22.62,18.34,3.6,36.0,36.0,36.0
244,5,0,5,0.0,23.53,94.76,43.54,29.4,26.0,32.61,40.82,83.97
72,5,0,5,0.0,10.0,167.22,53.44,65.35,20.0,20.0,50.0,143.78
0,0,5,5,499.95,99.99,99.99,99.99,0.0,99.99,99.99,99.99,99.99
604,5,0,5,0.0,18.44,74.0,40.16,20.7,30.86,37.0,40.5,67.3
602,5,0,5,0.0,50.0,74.0,63.8,10.55,57.0,64.0,74.0,74.0
595,5,0,5,0.0,12.5,80.9,36.08,27.04,22.22,24.0,40.8,72.88
546,5,0,5,0.0,6.0,55.65,18.97,20.84,7.4,10.0,15.8,47.68
210,5,0,5,0.0,1.5,54.75,15.95,22.74,1.5,4.07,17.95,47.39
275,5,0,5,0.0,20.0,60.0,36.14,17.71,25.0,25.7,50.0,58.0
139,5,0,5,0.0,9.85,13.48,11.11,1.38,10.74,10.74,10.76,12.94
148,5,0,5,0.0,0.0,22.77,11.77,10.2,3.8,10.89,21.38,22.49
193,5,0,5,0.0,7.39,59.99,25.81,22.9,11.21,11.5,38.95,55.78
151,5,0,5,0.0,4.95,69.35,31.37,25.62,18.96,18.96,44.64,64.41
152,5,0,5,0.0,4.95,117.44,35.82,46.1,15.09,18.92,22.72,98.5
156,5,0,5,0.0,40.46,283.76,154.23,99.53,98.51,119.44,229.0,272.81
500,5,0,5,0.0,10.0,186.85,99.79,65.15,75.0,100.5,126.6,174.8
498,5,0,5,0.0,17.35,68.35,46.68,20.84,34.95,49.95,62.79,67.24
168,5,0,5,0.0,362.75,479.74,418.35,47.67,378.0,434.1,437.18,471.23
479,5,0,5,0.0,1.0,101.09,42.66,41.46,19.01,22.2,69.99,94.87
169,5,0,5,0.0,6.29,120.84,49.8,48.66,18.4,24.0,79.49,112.57
171,5,0,5,0.0,0.14,30.33,10.98,12.58,3.09,4.39,16.93,27.65
189,5,0,5,0.0,1.0,1.61,1.12,0.27,1.0,1.0,1.0,1.49
480,5,0,5,0.0,12.9,392.65,215.9,181.44,28.38,298.0,347.56,383.63
487,5,0,5,0.0,1.0,150.0,92.93,73.57,25.0,139.71,148.95,149.79
177,5,0,5,0.0,9.8,49.2,27.9,15.1,20.3,24.5,35.7,46.5
509,5,0,5,0.0,575.41,864.55,714.81,120.95,627.0,699.0,808.11,853.26
138,5,0,5,0.0,8.92,10.74,9.48,0.8,8.96,8.97,9.83,10.56
433,5,0,5,0.0,5.49,59.85,24.45,22.33,11.6,12.39,32.9,54.46
521,5,0,5,0.0,48.57,320.8,145.03,104.52,89.0,126.73,140.03,284.65
439,5,0,5,0.0,597.32,877.68,781.82,110.1,784.06,797.47,852.59,872.66
207,5,0,5,0.0,4.16,135.94,62.43,53.6,19.92,60.02,92.12,127.18
205,5,0,5,0.0,0.01,308.0,76.88,131.12,6.38,12.99,57.04,257.81
203,5,0,5,0.0,2267.5,3075.0,2650.5,318.99,2408.06,2726.76,2775.17,3015.03
117,5,0,5,0.0,2.49,89.99,39.09,46.56,2.99,9.99,89.99,89.99
120,5,0,5,0.0,15.95,15.95,15.95,0.0,15.95,15.95,15.95,15.95
123,5,0,5,0.0,18.44,128.14,51.83,44.62,21.0,45.0,46.59,111.83
535,5,0,5,0.0,34.85,166.44,84.2,49.76,59.0,75.8,84.9,150.13
451,5,0,5,0.0,4.95,240.0,91.94,92.4,25.0,85.75,104.0,212.8
530,5,0,5,0.0,911.79,1198.0,1036.13,128.59,915.5,1020.8,1134.56,1185.31
528,5,0,5,0.0,3.99,156.19,76.88,63.03,22.61,90.94,110.69,147.09
131,5,0,5,0.0,25.0,50.01,38.37,9.83,32.15,41.32,43.35,48.68
199,5,0,5,0.0,0.79,7.95,2.69,3.04,1.0,1.0,2.69,6.9
460,5,0,5,0.0,1.0,208.01,49.23,88.93,8.8,13.12,15.24,169.46
524,5,0,5,0.0,19.0,181.5,109.79,63.94,75.49,122.98,150.0,175.2
64,5,0,5,0.0,1.0,236.0,62.91,98.71,1.0,29.99,46.55,198.11
186,5,0,5,0.0,1.46,100.0,23.36,42.91,2.38,5.3,7.68,81.54
674,5,0,5,0.0,4.32,90.15,61.42,34.21,56.54,75.0,81.07,88.33
277,5,0,5,0.0,8.0,39.0,17.97,12.24,10.96,15.95,15.95,34.39
356,5,0,5,0.0,25.35,160.96,89.05,64.9,38.16,65.0,155.78,159.92
712,5,0,5,0.0,3.71,41.97,15.36,15.82,4.13,10.0,17.0,36.98
710,5,0,5,0.0,23.9,86.41,50.44,28.43,30.45,35.98,75.45,84.22
373,5,0,5,0.0,1.0,47.19,16.0,18.21,6.08,10.62,15.13,40.78
316,5,0,5,0.0,0.76,191.16,79.32,101.54,1.0,14.06,189.64,190.86
708,5,0,5,0.0,10.0,94.8,28.36,37.2,10.0,12.0,15.0,78.84
368,5,0,5,0.0,18.15,168.86,82.99,64.1,19.95,104.0,104.0,155.89
706,5,0,5,0.0,10.44,48.0,34.03,15.3,27.56,39.5,44.67,47.33
36,5,0,5,0.0,0.89,25.79,6.05,11.04,0.89,0.89,1.79,20.99
299,5,0,5,0.0,10.6,225.0,103.25,89.97,22.0,106.9,151.76,210.35
353,5,0,5,0.0,0.0,159.35,35.66,69.45,1.52,1.52,15.89,130.66
313,5,0,5,0.0,10.59,21.98,14.53,4.55,11.62,13.0,15.44,20.67
677,5,0,5,0.0,5.0,55.0,29.99,21.78,15.0,25.0,49.95,53.99
48,5,0,5,0.0,676.79,1182.6,921.56,194.0,819.0,900.51,1028.9,1151.86
303,5,0,5,0.0,11.5,44.99,30.51,14.11,20.0,37.1,38.95,43.78
695,5,0,5,0.0,6.0,77.65,32.76,28.56,10.0,33.85,36.3,69.38
31,5,0,5,0.0,2.99,30.75,10.23,11.75,3.14,5.0,9.25,26.45
361,5,0,5,0.0,1.0,22.45,10.35,11.15,1.0,4.88,22.44,22.45
304,5,0,5,0.0,13.99,59.5,31.49,20.82,16.0,20.0,47.95,57.19
29,5,0,5,0.0,0.76,40.38,8.93,17.59,0.76,0.76,1.98,32.7
24,5,0,5,0.0,1.98,99.95,36.8,43.23,6.28,12.01,63.8,92.72
694,5,0,5,0.0,8.99,65.75,24.83,23.19,14.09,15.74,19.6,56.52
684,5,0,5,0.0,15.0,15.0,15.0,0.0,15.0,15.0,15.0,15.0
20,5,0,5,0.0,1.0,1.0,1.0,0.0,1.0,1.0,1.0,1.0
21,5,0,5,0.0,0.77,36.0,15.54,14.54,2.16,18.93,19.84,32.77
307,5,0,5,0.0,7.83,86.0,34.39,32.17,13.14,20.0,45.0,77.8
45,5,0,5,0.0,0.89,116.0,34.06,48.49,1.29,12.14,40.0,100.8
687,5,0,5,0.0,10.0,64.9,40.22,23.52,26.41,37.4,62.4,64.4
388,5,0,5,0.0,1.0,192.3,77.45,75.11,27.99,60.35,105.59,174.96
636,5,0,5,0.0,5.66,29.71,16.45,11.04,6.62,14.13,26.12,28.99
336,5,0,5,0.0,3.44,76.98,34.22,37.87,7.4,8.99,74.28,76.44
7,5,0,5,0.0,5.29,113.46,47.92,53.87,10.42,10.59,99.84,110.74
645,5,0,5,0.0,380.5,528.99,455.37,61.8,408.0,459.36,500.0,523.19
725,5,0,5,0.0,104.81,532.0,367.13,168.86,300.0,447.3,451.54,515.91
59,5,0,5,0.0,8.8,22.0,15.16,4.67,15.0,15.0,15.0,20.6
323,5,0,5,0.0,1.0,172.0,35.2,76.47,1.0,1.0,1.0,137.8
12,5,0,5,0.0,10.62,203.3,73.66,81.52,10.62,41.71,102.07,183.05
386,5,0,5,0.0,0.0,199.0,63.47,81.84,1.0,43.75,73.58,173.92
8,5,0,5,0.0,1.0,171.96,39.39,74.66,1.0,1.0,22.0,141.97
341,5,0,5,0.0,0.77,39.9,13.37,16.69,1.49,4.99,19.69,35.86
284,5,0,5,0.0,25.0,97.9,56.52,30.52,30.2,54.95,74.54,93.23
327,5,0,5,0.0,12.31,29.56,15.76,7.71,12.31,12.31,12.31,26.11
397,5,0,5,0.0,2.85,99.9,30.77,39.83,5.0,21.82,24.29,84.78
655,5,0,5,0.0,56.64,128.24,87.86,32.54,57.38,83.15,113.9,125.37
627,5,0,5,0.0,1.85,14.99,7.05,5.18,2.99,7.7,7.7,13.53
385,5,0,5,0.0,1.0,75.84,20.88,31.59,1.0,7.55,19.02,64.48
286,5,0,5,0.0,9.99,206.32,136.54,76.39,127.2,160.0,179.17,200.89
733,5,0,5,0.0,2.85,76.46,23.3,30.28,8.99,9.18,19.0,64.97
376,5,0,5,0.0,0.74,52.01,11.54,22.63,1.0,1.98,1.98,42.0
344,5,0,5,0.0,6.99,40.85,22.32,14.91,7.5,24.65,31.61,39.0
290,5,0,5,0.0,7.99,50.07,28.01,18.3,10.0,36.0,36.0,47.26
390,5,0,5,0.0,1.26,221.4,59.28,93.24,5.52,12.11,56.13,188.35
309,4,0,4,0.0,1.0,66.97,24.43,31.01,1.56,14.88,37.74,61.12
187,4,0,4,0.0,1.0,2.0,1.5,0.58,1.0,1.5,2.0,2.0
320,4,0,4,0.0,96.0,143.6,124.6,21.09,115.5,129.4,138.5,142.58
321,4,0,4,0.0,2.69,19.26,12.16,8.3,6.44,13.34,19.06,19.22
1015,4,0,4,0.0,22.15,101.18,52.03,34.69,31.64,42.4,62.8,93.5
1075,4,0,4,0.0,2.31,135.0,63.58,59.91,21.58,58.5,100.5,128.1
190,4,0,4,0.0,0.5,139.11,65.93,72.91,4.62,62.04,123.34,135.96
196,4,0,4,0.0,10.0,20.0,12.5,5.0,10.0,10.0,12.5,18.5
315,4,0,4,0.0,4.71,25.93,10.96,10.03,5.78,6.6,11.78,23.1
195,4,0,4,0.0,960.0,1342.96,1148.97,171.18,1035.88,1146.47,1259.56,1326.28
194,4,0,4,0.0,1.99,17.41,8.37,6.52,5.14,7.04,10.28,15.98
1017,4,0,4,0.0,1.29,49.95,14.26,23.84,1.29,2.89,15.86,43.13
274,4,0,4,0.0,14.95,15.95,15.7,0.5,15.7,15.95,15.95,15.95
1073,4,0,4,0.0,15.6,56.57,28.21,19.41,15.67,20.34,32.88,51.83
213,4,0,4,0.0,2.9,30.81,13.43,12.06,8.22,10.0,15.2,27.69
266,4,0,4,0.0,979.86,1594.74,1287.03,271.63,1114.72,1286.76,1459.08,1567.61
1041,4,0,4,0.0,1.0,39.03,11.62,18.33,1.74,3.24,13.12,33.85
1040,4,0,4,0.0,1.5,13.45,6.73,5.08,3.82,5.99,8.9,12.54
1039,4,0,4,0.0,12.31,22.0,14.73,4.84,12.31,12.31,14.73,20.55
247,4,0,4,0.0,0.01,0.01,0.01,0.0,0.01,0.01,0.01,0.01
1038,4,0,4,0.0,1.0,29.95,12.98,14.42,1.0,10.5,22.48,28.46
1037,4,0,4,0.0,10.7,58.31,26.74,22.09,11.91,18.97,33.8,53.41
1036,4,0,4,0.0,0.77,1.46,0.94,0.34,0.77,0.77,0.94,1.36
240,4,0,4,0.0,11.99,56.21,23.07,22.1,11.99,12.04,23.11,49.59
226,4,0,4,0.0,11.71,150.0,84.0,60.95,47.44,87.14,123.69,144.74
225,4,0,4,0.0,1.98,17.99,11.38,6.8,9.17,12.78,14.99,17.39
287,4,0,4,0.0,255.2,712.25,542.16,199.18,498.2,600.6,644.56,698.71
1031,4,0,4,0.0,1.0,19.99,7.71,8.56,2.39,4.92,10.24,18.04
221,4,0,4,0.0,14.51,16.23,15.54,0.85,15.01,15.7,16.23,16.23
1057,4,0,4,0.0,66.82,145.36,111.49,35.15,92.45,116.88,135.93,143.47
1023,4,0,4,0.0,1.0,200.0,65.79,93.65,1.75,31.08,95.11,179.02
1058,4,0,4,0.0,3.0,179.23,96.31,72.21,75.75,101.5,122.06,167.8
291,4,0,4,0.0,10.0,129.0,63.84,56.03,21.21,58.18,100.8,123.36
293,4,0,4,0.0,4.99,49.99,29.49,23.89,11.0,31.49,49.98,49.99
1059,4,0,4,0.0,205.75,323.45,253.17,50.9,223.19,241.74,271.71,313.1
1060,4,0,4,0.0,182.1,334.0,278.84,66.9,263.48,299.62,314.98,330.2
1061,4,0,4,0.0,6.99,152.1,60.66,64.74,19.89,41.77,82.54,138.19
1062,4,0,4,0.0,11.5,27.97,21.59,7.93,17.12,23.44,27.9,27.96
1063,4,0,4,0.0,14.49,40.4,25.52,11.87,16.8,23.58,32.3,38.78
1065,4,0,4,0.0,521.91,734.51,663.36,98.6,632.98,698.5,728.88,733.38
1066,4,0,4,0.0,2.36,24.75,12.23,10.33,4.57,10.9,18.56,23.51
1027,4,0,4,0.0,231.0,330.0,278.13,45.09,246.39,275.76,307.5,325.5
1025,4,0,4,0.0,49.72,348.0,178.93,143.25,65.68,159.0,272.25,332.85
204,4,0,4,0.0,10.0,73.0,48.62,27.23,41.12,55.75,63.25,71.05
1072,4,0,4,0.0,1000.0,1000.0,1000.0,0.0,1000.0,1000.0,1000.0,1000.0
736,4,0,4,0.0,0.77,7.7,5.97,3.47,5.97,7.7,7.7,7.7
116,4,0,4,0.0,0.76,4.8,2.21,1.85,0.93,1.64,2.92,4.42
181,4,0,4,0.0,9.88,187.14,72.7,78.26,37.48,46.9,82.12,166.14
1159,4,0,4,0.0,55.72,139.72,107.82,36.55,97.92,117.93,127.83,137.34
39,4,0,4,0.0,10.0,249.29,84.82,110.55,32.5,40.0,92.32,217.9
41,4,0,4,0.0,15.0,171.0,68.75,71.55,21.76,44.5,91.5,155.1
43,4,0,4,0.0,841.77,1106.42,950.62,128.92,846.2,927.16,1031.58,1091.45
49,4,0,4,0.0,1.98,250.0,100.12,108.24,34.24,74.25,140.12,228.02
1178,4,0,4,0.0,1.0,195.0,90.0,94.45,15.25,82.0,156.75,187.35
1177,4,0,4,0.0,1.0,32.32,15.93,13.14,8.99,15.21,22.15,30.29
50,4,0,4,0.0,26.24,214.18,97.6,88.0,31.31,74.98,141.26,199.6
1175,4,0,4,0.0,1.0,90.0,46.0,45.49,9.99,46.5,82.5,88.5
1174,4,0,4,0.0,4.16,74.9,29.54,32.54,6.89,19.55,42.2,68.36
52,4,0,4,0.0,0.76,83.16,24.57,39.46,1.24,7.18,30.52,72.63
53,4,0,4,0.0,89.6,310.83,216.58,92.35,193.54,232.94,255.98,299.86
54,4,0,4,0.0,2069.8,2378.83,2262.66,140.29,2204.2,2301.0,2359.46,2374.96
57,4,0,4,0.0,1.0,89.99,23.38,44.41,1.0,1.25,23.63,76.72
58,4,0,4,0.0,2.99,18.99,8.74,7.59,2.99,6.49,12.24,17.64
1168,4,0,4,0.0,1.0,158.0,45.78,75.53,1.0,12.07,56.86,137.77
1167,4,0,4,0.0,8.94,9.86,9.4,0.51,8.98,9.41,9.83,9.85
1166,4,0,4,0.0,0.77,23.02,7.2,10.65,0.94,2.5,8.75,20.17
1165,4,0,4,0.0,14.22,121.49,63.66,46.76,33.77,59.46,89.35,115.06
1163,4,0,4,0.0,4.49,12.57,9.41,3.47,8.51,10.3,11.2,12.3
1162,4,0,4,0.0,2.73,76.82,32.88,31.44,17.2,25.98,41.67,69.79
1161,4,0,4,0.0,9.99,47.0,19.24,18.5,9.99,9.99,19.24,41.45
38,4,0,4,0.0,1774.0,2286.6,2013.43,211.17,1922.11,1996.56,2087.89,2246.86
1187,4,0,4,0.0,40.0,72.35,52.1,14.32,43.36,48.04,56.78,69.24
1188,4,0,4,0.0,0.76,69.99,32.84,28.75,18.9,30.3,44.23,64.84
15,4,0,4,0.0,89.99,99.99,94.99,5.77,89.99,94.99,99.99,99.99
2,4,0,4,0.0,217.14,863.84,520.75,267.52,396.38,501.02,625.39,816.15
1216,4,0,4,0.0,6.15,59.81,31.02,26.87,9.19,29.05,50.88,58.02
3,4,0,4,0.0,0.0,150.0,83.59,75.8,29.13,92.18,146.64,149.33
5,4,0,4,0.0,1.98,1.98,1.98,0.0,1.98,1.98,1.98,1.98
1212,4,0,4,0.0,8.99,13.99,10.43,2.4,9.02,9.38,10.79,13.35
9,4,0,4,0.0,130.99,275.98,193.61,62.62,154.98,183.74,222.36,265.26
10,4,0,4,0.0,1.98,119.4,57.99,58.14,11.88,55.29,101.4,115.8
1207,4,0,4,0.0,0.77,7.68,5.2,3.19,3.94,6.18,7.46,7.64
1206,4,0,4,0.0,1.79,36.97,14.68,16.69,1.93,9.98,22.74,34.12
17,4,0,4,0.0,85.38,192.1,165.42,53.36,165.42,192.1,192.1,192.1
1189,4,0,4,0.0,0.01,65.28,18.31,31.46,0.75,3.98,21.53,56.53
18,4,0,4,0.0,0.01,342.0,170.51,148.59,80.82,170.02,259.72,325.54
19,4,0,4,0.0,29.9,29.9,29.9,0.0,29.9,29.9,29.9,29.9
22,4,0,4,0.0,25.0,50.0,38.75,13.15,28.75,40.0,50.0,50.0
1198,4,0,4,0.0,1.08,7.68,3.54,3.02,1.42,2.69,4.8,7.1
23,4,0,4,0.0,114.1,295.09,222.48,77.36,199.68,240.37,263.18,288.71
1196,4,0,4,0.0,0.77,3.78,1.85,1.43,0.77,1.42,2.5,3.52
30,4,0,4,0.0,12.97,58.46,25.36,22.09,14.49,15.0,25.86,51.94
1192,4,0,4,0.0,7.73,20.16,13.83,5.42,10.47,13.72,17.08,19.54
34,4,0,4,0.0,1.0,2.33,1.73,0.55,1.59,1.79,1.92,2.25
1160,4,0,4,0.0,11.43,83.9,41.04,34.08,14.81,34.42,60.65,79.25
63,4,0,4,0.0,13.9,214.1,122.29,83.46,88.59,130.57,164.27,204.13
178,4,0,4,0.0,3.84,7.68,6.72,1.92,6.72,7.68,7.68,7.68
66,4,0,4,0.0,6.7,84.13,28.16,37.38,9.14,10.9,29.92,73.29
1121,4,0,4,0.0,0.77,76.83,25.85,34.95,4.54,12.9,34.21,68.31
109,4,0,4,0.0,9.0,27.68,15.44,8.33,11.33,12.55,16.66,25.48
112,4,0,4,0.0,0.76,24.19,9.44,11.18,0.76,6.4,15.08,22.37
1118,4,0,4,0.0,10.0,40.0,24.99,17.2,10.15,24.98,39.83,39.97
113,4,0,4,0.0,89.99,89.99,89.99,0.0,89.99,89.99,89.99,89.99
1116,4,0,4,0.0,5.9,32.47,21.26,11.44,16.47,23.34,28.13,31.6
114,4,0,4,0.0,1.0,89.99,25.07,43.35,2.12,4.64,27.59,77.51
1011,4,0,4,0.0,1.0,81.4,44.85,33.09,36.24,48.5,57.1,76.54
118,4,0,4,0.0,6.0,200.0,97.75,79.67,65.25,92.5,125.0,185.0
124,4,0,4,0.0,14.95,39.0,22.2,11.32,15.7,17.42,23.92,35.98
135,4,0,4,0.0,6.02,79.95,30.67,34.06,9.0,18.35,40.02,71.96
136,4,0,4,0.0,40.09,208.07,147.05,74.53,126.33,170.02,190.73,204.6
1105,4,0,4,0.0,3.94,38.7,18.02,14.8,10.36,14.72,22.39,35.44
1104,4,0,4,0.0,0.23,0.77,0.64,0.27,0.64,0.77,0.77,0.77
145,4,0,4,0.0,2.72,31.32,12.16,13.04,4.74,7.3,14.72,28.0
146,4,0,4,0.0,0.89,11.53,5.57,5.51,0.89,4.94,9.62,11.15
149,4,0,4,0.0,2.54,32.81,13.65,13.9,3.86,9.62,19.42,30.13
166,4,0,4,0.0,0.6,18.92,9.27,8.87,2.39,8.78,15.66,18.27
1092,4,0,4,0.0,554.57,667.96,617.65,57.56,575.98,624.04,665.71,667.51
176,4,0,4,0.0,0.77,37.83,11.16,17.82,1.89,3.02,12.29,32.72
1088,4,0,4,0.0,1.0,1.0,1.0,0.0,1.0,1.0,1.0,1.0
104,4,0,4,0.0,1865.28,2183.44,2033.78,143.34,1943.94,2043.2,2133.04,2173.36
103,4,0,4,0.0,15.0,139.9,74.47,51.96,48.75,71.5,97.22,131.36
96,4,0,4,0.0,0.01,0.01,0.01,0.0,0.01,0.01,0.01,0.01
83,4,0,4,0.0,1.0,12.31,5.44,5.33,1.34,4.22,8.32,11.51
1155,4,0,4,0.0,20.94,59.85,39.67,15.93,33.65,38.94,44.96,56.87
1152,4,0,4,0.0,0.89,35.0,18.36,18.17,3.59,18.76,33.53,34.71
1151,4,0,4,0.0,0.99,1.5,1.12,0.25,1.0,1.0,1.12,1.42
71,4,0,4,0.0,1.5,46.39,22.15,18.97,11.55,20.35,30.95,43.3
1149,4,0,4,0.0,0.75,1.0,0.94,0.12,0.94,1.0,1.0,1.0
1147,4,0,4,0.0,49.99,161.47,95.34,48.63,64.96,84.95,115.33,152.24
1146,4,0,4,0.0,94.0,100.0,98.25,2.87,97.75,99.5,100.0,100.0
1145,4,0,4,0.0,5.0,25.36,14.7,9.57,7.57,14.21,21.33,24.55
1142,4,0,4,0.0,4.92,56.23,20.54,23.94,8.72,10.5,22.32,49.45
84,4,0,4,0.0,0.89,2.69,1.79,0.73,1.56,1.79,2.02,2.55
1128,4,0,4,0.0,124.4,154.23,136.55,12.59,131.41,133.78,138.91,151.17
1138,4,0,4,0.0,4.36,51.52,20.97,21.87,5.58,14.0,29.38,47.09
85,4,0,4,0.0,1.51,14.95,11.59,6.72,11.59,14.95,14.95,14.95
86,4,0,4,0.0,57.93,241.49,175.6,81.12,157.86,201.5,219.24,237.04
87,4,0,4,0.0,938.0,1190.0,1014.51,118.7,944.04,965.02,1035.5,1159.1
1133,4,0,4,0.0,0.01,31.37,13.84,13.38,6.0,11.99,19.84,29.06
90,4,0,4,0.0,7.57,82.08,37.75,32.04,19.53,30.67,48.89,75.44
92,4,0,4,0.0,2.58,12.98,7.96,4.81,4.68,8.14,11.42,12.67
1130,4,0,4,0.0,1.0,28.51,10.68,12.36,3.24,6.6,14.03,25.61
93,4,0,4,0.0,34.1,140.08,87.86,58.01,39.51,88.62,136.98,139.46
324,4,0,4,0.0,3.29,11.79,7.77,3.84,5.32,8.0,10.45,11.52
379,4,0,4,0.0,7.17,9.79,8.49,1.13,7.85,8.5,9.15,9.66
325,4,0,4,0.0,530.0,781.61,649.94,127.72,546.12,644.08,747.9,774.87
326,4,0,4,0.0,1.0,66.49,31.17,27.33,17.27,28.6,42.5,61.69
588,4,0,4,0.0,10.98,101.4,63.82,44.54,34.92,71.45,100.35,101.19
593,4,0,4,0.0,5.67,17.99,10.41,5.29,8.16,8.99,11.24,16.64
833,4,0,4,0.0,0.77,49.0,13.0,24.0,0.77,1.12,13.34,41.87
596,4,0,4,0.0,334.9,500.0,418.31,94.34,337.47,419.16,500.0,500.0
599,4,0,4,0.0,25.0,135.0,90.62,51.42,62.12,101.24,129.75,133.95
826,4,0,4,0.0,45.0,185.0,106.25,58.36,78.75,97.5,125.0,173.0
610,4,0,4,0.0,21.48,62.97,42.34,20.53,26.56,42.46,58.24,62.02
824,4,0,4,0.0,489.36,637.17,592.59,70.07,578.6,621.91,635.9,636.92
611,4,0,4,0.0,14.49,70.93,42.48,23.79,29.86,42.24,54.86,67.72
822,4,0,4,0.0,62.18,150.8,109.22,39.1,86.2,111.96,134.98,147.64
613,4,0,4,0.0,8.0,39.95,27.7,14.73,20.67,31.42,38.45,39.65
616,4,0,4,0.0,12.0,58.8,37.35,20.68,25.5,39.3,51.15,57.27
621,4,0,4,0.0,23.9,83.76,55.42,30.87,31.48,57.0,80.94,83.2
623,4,0,4,0.0,50.95,125.0,93.21,34.67,71.99,98.44,119.66,123.93
813,4,0,4,0.0,1.98,22.97,8.7,9.65,3.4,4.93,10.24,20.42
624,4,0,4,0.0,0.2,125.04,53.85,52.74,25.55,45.08,73.37,114.71
625,4,0,4,0.0,2.0,69.9,21.72,32.29,4.25,7.5,24.98,60.91
626,4,0,4,0.0,15.0,59.99,39.5,19.77,28.5,41.5,52.49,58.49
808,4,0,4,0.0,0.76,1.0,0.94,0.12,0.94,1.0,1.0,1.0
629,4,0,4,0.0,11.36,75.76,32.83,29.07,18.74,22.1,36.19,67.85
630,4,0,4,0.0,15.0,58.55,28.39,20.65,15.0,20.0,33.39,53.52
631,4,0,4,0.0,312.89,591.15,455.46,113.98,414.7,458.9,499.66,572.85
642,4,0,4,0.0,200.0,368.0,269.76,76.9,213.5,255.52,311.79,356.76
585,4,0,4,0.0,1428.7,1691.82,1562.2,126.23,1469.42,1564.15,1656.93,1684.84
584,4,0,4,0.0,987.0,1162.08,1042.87,80.81,996.75,1011.2,1057.32,1141.13
582,4,0,4,0.0,1.0,15.0,11.5,7.0,11.5,15.0,15.0,15.0
559,4,0,4,0.0,88.43,261.21,205.02,78.84,194.03,235.21,246.2,258.21
543,4,0,4,0.0,31.67,213.63,92.16,82.76,45.41,61.67,108.42,192.59
869,4,0,4,0.0,1.0,24.65,9.66,10.65,2.72,6.5,13.44,22.41
544,4,0,4,0.0,19.95,69.0,39.72,21.16,27.45,34.97,47.24,64.65
545,4,0,4,0.0,30.0,98.0,54.0,30.61,35.25,44.0,62.75,90.95
866,4,0,4,0.0,0.52,11.71,5.15,5.58,0.52,4.19,8.82,11.13
865,4,0,4,0.0,13.53,135.13,57.29,53.54,30.0,40.25,67.53,121.61
549,4,0,4,0.0,250.0,375.0,300.31,52.95,277.3,288.12,311.14,362.23
555,4,0,4,0.0,5.9,199.85,66.74,89.99,15.78,30.6,81.56,176.19
859,4,0,4,0.0,8.25,380.27,140.96,172.62,17.98,87.66,210.65,346.35
556,4,0,4,0.0,10.6,36.0,23.29,11.73,15.08,23.28,31.5,35.1
561,4,0,4,0.0,4.08,79.0,35.44,35.07,8.66,29.34,56.12,74.42
580,4,0,4,0.0,17.99,84.8,48.11,27.55,37.25,44.84,55.7,78.98
568,4,0,4,0.0,31.0,307.0,143.36,134.48,34.34,117.72,226.75,290.95
571,4,0,4,0.0,353.19,614.88,455.43,116.11,379.71,426.82,502.54,592.41
572,4,0,4,0.0,3.5,79.75,38.56,38.55,6.88,35.5,67.19,77.24
851,4,0,4,0.0,0.0,56.95,28.72,32.59,0.75,28.98,56.95,56.95
850,4,0,4,0.0,1.0,141.78,41.7,67.52,1.0,12.0,52.7,123.96
849,4,0,4,0.0,1.79,71.0,29.18,29.56,14.68,21.96,36.46,64.09
575,4,0,4,0.0,10.09,35.1,19.46,10.89,13.77,16.34,22.03,32.49
846,4,0,4,0.0,4.24,38.21,16.44,14.99,8.55,11.66,19.54,34.48
845,4,0,4,0.0,1.52,59.36,29.1,24.91,14.05,27.75,42.79,56.05
577,4,0,4,0.0,50.0,161.5,107.62,49.77,76.25,109.5,140.88,157.38
802,4,0,4,0.0,9.48,19.0,14.58,3.99,12.83,14.92,16.68,18.54
644,4,0,4,0.0,131.46,343.0,215.6,100.87,136.32,193.97,273.25,329.05
646,4,0,4,0.0,82.92,235.24,167.26,69.23,125.73,175.44,216.96,231.58
717,4,0,4,0.0,5.0,40.0,21.98,14.35,16.25,21.45,27.17,37.43
767,4,0,4,0.0,21.12,219.72,79.0,94.16,31.54,37.58,85.04,192.78
685,4,0,4,0.0,15.0,85.85,56.64,35.16,33.75,62.85,85.74,85.83
688,4,0,4,0.0,25.9,71.39,48.26,18.65,40.88,47.88,55.27,68.17
689,4,0,4,0.0,6.28,37.0,23.91,13.5,17.3,26.18,32.8,36.16
762,4,0,4,0.0,928.2,1000.0,966.23,39.15,934.58,968.36,1000.0,1000.0
761,4,0,4,0.0,8.91,12.99,10.06,1.97,8.91,9.16,10.31,12.45
701,4,0,4,0.0,5.0,15.0,8.75,4.5,5.74,7.5,10.5,14.1
705,4,0,4,0.0,10.0,15.0,12.5,2.89,10.0,12.5,15.0,15.0
754,4,0,4,0.0,1.18,124.44,72.24,54.64,44.73,81.66,109.16,121.38
709,4,0,4,0.0,70.76,141.0,106.19,30.44,88.19,106.5,124.5,137.7
718,4,0,4,0.0,11.99,88.0,50.75,36.49,24.0,51.5,78.25,86.05
681,4,0,4,0.0,1.0,79.0,28.97,36.98,1.0,17.94,45.92,72.38
721,4,0,4,0.0,4.78,68.23,42.92,26.95,37.68,49.32,54.56,65.5
747,4,0,4,0.0,34.25,200.0,132.93,74.05,98.16,148.73,183.5,196.7
723,4,0,4,0.0,19.0,66.0,42.49,21.74,27.21,42.48,57.75,64.35
745,4,0,4,0.0,160.0,372.0,245.84,104.44,160.0,225.68,311.52,359.9
744,4,0,4,0.0,1.0,16.0,10.5,6.86,7.74,12.5,15.25,15.85
727,4,0,4,0.0,5.99,30.23,14.02,10.96,8.91,9.94,15.05,27.19
729,4,0,4,0.0,8.94,17.99,11.67,4.3,8.96,9.87,12.58,16.91
730,4,0,4,0.0,13.6,86.51,51.82,30.27,38.88,53.58,66.52,82.51
739,4,0,4,0.0,0.0,29.05,9.16,13.73,0.0,3.79,12.95,25.83
732,4,0,4,0.0,879.04,944.18,909.0,27.27,894.74,906.38,920.64,939.47
683,4,0,4,0.0,23.0,218.0,99.79,83.69,56.11,79.08,122.75,198.95
771,4,0,4,0.0,0.77,0.77,0.77,0.0,0.77,0.77,0.77,0.77
798,4,0,4,0.0,9.31,12.31,11.56,1.5,11.56,12.31,12.31,12.31
786,4,0,4,0.0,23.1,46.76,34.33,10.92,26.44,33.73,41.61,45.73
652,4,0,4,0.0,23.49,76.11,37.39,25.82,24.62,24.99,37.77,68.44
796,4,0,4,0.0,1.0,80.92,28.64,37.31,2.22,16.31,42.73,73.28
795,4,0,4,0.0,5.0,200.0,90.85,91.33,21.43,79.2,148.62,189.72
656,4,0,4,0.0,14.95,126.4,49.96,52.22,17.23,29.24,61.96,113.51
660,4,0,4,0.0,12.0,15.0,14.25,1.5,14.25,15.0,15.0,15.0
663,4,0,4,0.0,112.55,184.0,141.05,34.44,113.53,133.82,161.34,179.47
664,4,0,4,0.0,60.0,127.73,97.5,29.67,81.76,101.14,116.88,125.56
789,4,0,4,0.0,8.0,242.34,68.34,116.02,10.02,11.5,69.82,207.84
788,4,0,4,0.0,24.79,201.8,106.0,82.91,43.7,98.7,161.0,193.64
787,4,0,4,0.0,200.0,313.31,272.8,49.88,265.93,288.96,295.83,309.81
785,4,0,4,0.0,2.99,116.3,57.06,46.57,37.46,54.47,74.07,107.85
772,4,0,4,0.0,4.31,186.82,61.89,86.28,4.33,28.21,85.76,166.61
784,4,0,4,0.0,12.31,12.31,12.31,0.0,12.31,12.31,12.31,12.31
783,4,0,4,0.0,1.22,39.26,14.44,17.74,1.87,8.64,21.21,35.65
669,4,0,4,0.0,2.0,14.6,5.9,5.97,2.0,3.5,7.4,13.16
781,4,0,4,0.0,1.1,21.13,14.78,9.29,12.97,18.44,20.24,20.95
670,4,0,4,0.0,52.0,292.59,153.98,104.35,88.86,135.68,200.8,274.23
672,4,0,4,0.0,467.57,500.0,491.89,16.22,491.89,500.0,500.0,500.0
778,4,0,4,0.0,11.23,49.99,26.13,16.91,16.3,21.64,31.47,46.29
775,4,0,4,0.0,563.49,850.94,720.66,127.06,649.04,734.11,805.73,841.9
678,4,0,4,0.0,21.58,89.9,39.37,33.7,21.9,23.0,40.48,80.01
680,4,0,4,0.0,30.94,128.0,73.92,42.85,45.23,68.37,97.06,121.81
541,4,0,4,0.0,301.55,552.89,421.96,108.12,357.12,416.7,481.54,538.62
872,4,0,4,0.0,1.0,3.59,1.84,1.22,1.0,1.4,2.24,3.32
540,4,0,4,0.0,46.35,193.01,87.58,70.76,46.84,55.48,96.22,173.65
955,4,0,4,0.0,24.98,69.0,39.4,20.28,26.98,31.82,44.25,64.05
391,4,0,4,0.0,5.92,69.98,43.94,28.75,29.98,49.93,63.89,68.76
966,4,0,4,0.0,71.8,158.0,118.2,46.27,81.7,121.5,158.0,158.0
393,4,0,4,0.0,0.89,96.87,32.56,45.01,1.71,16.24,47.08,86.91
398,4,0,4,0.0,5.49,8.99,7.8,1.63,7.24,8.36,8.92,8.98
400,4,0,4,0.0,0.92,3.84,2.34,1.64,0.92,2.3,3.71,3.81
407,4,0,4,0.0,600.0,900.0,720.54,127.14,666.0,691.07,745.6,869.12
408,4,0,4,0.0,1.0,4.0,1.75,1.5,1.0,1.0,1.75,3.55
959,4,0,4,0.0,9.13,50.79,22.1,19.52,10.14,14.24,26.19,45.87
411,4,0,4,0.0,1.99,133.1,67.88,54.79,40.92,68.21,95.16,125.51
414,4,0,4,0.0,1.0,9.99,5.5,5.19,1.0,5.5,9.99,9.99
419,4,0,4,0.0,8.91,9.84,9.15,0.46,8.91,8.93,9.17,9.71
389,4,0,4,0.0,13.5,99.0,48.38,36.49,28.69,40.5,60.19,91.24
953,4,0,4,0.0,3.0,59.91,34.38,23.48,28.18,37.3,43.5,56.63
420,4,0,4,0.0,1.0,79.99,28.64,37.33,1.0,16.77,44.41,72.87
422,4,0,4,0.0,32.57,359.22,115.61,162.43,32.68,35.33,118.25,311.03
424,4,0,4,0.0,517.77,777.66,607.91,116.29,544.11,568.1,631.9,748.51
425,4,0,4,0.0,4.62,34.83,13.16,14.48,5.91,6.58,13.83,30.63
426,4,0,4,0.0,13.94,108.29,51.33,40.66,28.68,41.55,64.2,99.47
427,4,0,4,0.0,100.0,150.0,137.5,25.0,137.5,150.0,150.0,150.0
428,4,0,4,0.0,5.38,68.42,34.6,28.06,15.58,32.3,51.31,65.0
430,4,0,4,0.0,4.96,55.81,40.06,23.58,38.54,49.74,51.26,54.9
942,4,0,4,0.0,161.43,197.4,174.39,16.07,164.66,169.36,179.1,193.74
969,4,0,4,0.0,4.46,146.1,49.82,66.83,4.63,24.36,69.56,130.79
971,4,0,4,0.0,5.99,100.0,76.5,47.0,76.5,100.0,100.0,100.0
940,4,0,4,0.0,15.0,43.94,28.06,12.08,21.98,26.66,32.74,41.7
359,4,0,4,0.0,750.0,931.71,840.11,74.66,809.31,839.36,870.16,919.4
328,4,0,4,0.0,1.0,187.54,53.42,89.58,9.05,12.57,56.94,161.42
334,4,0,4,0.0,0.76,34.12,15.17,13.99,8.15,12.9,19.92,31.28
1004,4,0,4,0.0,19.02,45.64,28.79,11.9,21.3,25.25,32.74,43.06
349,4,0,4,0.0,1.0,87.28,22.57,43.14,1.0,1.0,22.57,74.34
1000,4,0,4,0.0,501.61,540.0,527.42,17.45,525.19,534.02,536.25,539.25
350,4,0,4,0.0,89.99,89.99,89.99,0.0,89.99,89.99,89.99,89.99
351,4,0,4,0.0,6.82,20.41,11.2,6.29,7.39,8.79,12.6,18.85
996,4,0,4,0.0,1.0,177.99,64.18,78.06,25.53,38.86,77.5,157.89
995,4,0,4,0.0,0.76,1.0,0.82,0.12,0.76,0.76,0.82,0.96
993,4,0,4,0.0,0.23,23.0,11.15,9.33,7.55,10.68,14.28,21.26
991,4,0,4,0.0,0.85,7.32,4.8,3.14,2.99,5.51,7.32,7.32
974,4,0,4,0.0,102.0,180.92,135.23,39.7,102.0,129.0,162.23,177.18
362,4,0,4,0.0,7.5,70.2,38.68,36.01,7.5,38.52,69.71,70.1
988,4,0,4,0.0,7.55,75.31,25.04,33.53,7.59,8.64,26.09,65.47
363,4,0,4,0.0,1.0,62.66,23.66,29.37,1.0,15.5,38.16,57.76
367,4,0,4,0.0,10.0,79.95,33.64,32.98,10.0,22.3,45.94,73.15
984,4,0,4,0.0,7.4,169.21,80.15,78.7,17.52,72.0,134.63,162.29
983,4,0,4,0.0,15.33,50.29,36.21,16.91,26.03,39.62,49.8,50.19
374,4,0,4,0.0,37.73,134.11,71.77,43.49,44.61,57.62,84.78,124.24
980,4,0,4,0.0,10.95,20.9,14.28,4.52,11.72,12.64,15.2,19.76
979,4,0,4,0.0,0.0,232.41,89.95,110.16,4.54,63.7,149.11,215.75
384,4,0,4,0.0,1.54,4.99,3.7,1.53,3.16,4.12,4.66,4.92
941,4,0,4,0.0,44.96,323.24,177.72,121.32,101.24,171.33,247.8,308.15
431,4,0,4,0.0,154.8,411.0,225.92,123.59,163.12,168.95,231.75,375.15
539,4,0,4,0.0,12.0,15.0,14.25,1.5,14.25,15.0,15.0,15.0
505,4,0,4,0.0,9.95,53.3,24.36,20.07,11.26,17.1,30.2,48.68
904,4,0,4,0.0,1.84,106.69,38.71,46.88,11.83,23.16,50.05,95.36
494,4,0,4,0.0,6.34,150.0,56.02,64.42,20.14,33.87,69.75,133.95
496,4,0,4,0.0,448.38,659.02,561.2,96.11,500.0,568.7,629.9,653.2
499,4,0,4,0.0,421.17,534.45,461.1,51.71,426.87,444.38,478.61,523.28
898,4,0,4,0.0,9.1,72.87,31.87,29.59,10.78,22.75,43.84,67.06
501,4,0,4,0.0,112.4,261.0,178.1,61.64,151.1,169.5,196.5,248.1
502,4,0,4,0.0,119.5,190.0,152.37,31.4,131.12,150.0,171.24,186.25
895,4,0,4,0.0,4.68,79.52,25.92,35.85,7.03,9.74,28.63,69.34
503,4,0,4,0.0,570.0,903.5,703.38,143.6,622.5,670.0,750.88,872.97
504,4,0,4,0.0,183.29,371.7,253.05,82.69,207.04,228.6,274.61,352.28
514,4,0,4,0.0,97.0,220.0,142.5,56.84,101.5,126.5,167.5,209.5
906,4,0,4,0.0,3.78,29.95,11.34,12.55,3.8,5.82,13.36,26.63
515,4,0,4,0.0,25.0,157.8,79.28,57.92,43.0,67.16,103.44,146.93
520,4,0,4,0.0,15.13,15.17,15.15,0.02,15.13,15.15,15.17,15.17
525,4,0,4,0.0,35.58,164.16,93.86,66.02,38.56,87.86,143.16,159.96
884,4,0,4,0.0,15.72,93.34,38.37,36.82,18.92,22.22,41.67,83.01
883,4,0,4,0.0,14.0,55.0,33.08,16.93,25.49,31.66,39.25,51.85
882,4,0,4,0.0,0.89,1.79,1.12,0.45,0.89,0.89,1.12,1.65
534,4,0,4,0.0,31.67,265.2,156.24,103.81,94.15,164.05,226.14,257.39
536,4,0,4,0.0,274.68,579.42,448.68,127.46,410.34,470.3,508.64,565.26
537,4,0,4,0.0,1.0,15.0,9.0,5.83,7.75,10.0,11.25,14.25
538,4,0,4,0.0,55.0,375.66,214.12,131.56,161.45,212.91,265.58,353.64
492,4,0,4,0.0,235.0,324.0,296.91,41.85,289.75,314.32,321.49,323.5
490,4,0,4,0.0,13.0,114.83,60.89,55.39,13.18,57.87,105.58,112.98
938,4,0,4,0.0,105.0,324.0,192.5,102.35,114.75,170.5,248.25,308.85
454,4,0,4,0.0,10.0,169.81,56.2,76.21,13.75,22.5,64.95,148.84
937,4,0,4,0.0,1.0,55.0,14.5,27.0,1.0,1.0,14.5,46.9
432,4,0,4,0.0,27.89,172.3,108.05,60.6,84.22,116.0,139.82,165.8
935,4,0,4,0.0,1.0,4.0,1.75,1.5,1.0,1.0,1.75,3.55
442,4,0,4,0.0,15.0,174.53,70.68,72.33,25.2,46.6,92.08,158.04
931,4,0,4,0.0,125.89,443.0,245.47,150.96,128.22,206.5,323.75,419.15
930,4,0,4,0.0,29.59,95.47,65.94,27.43,56.02,69.35,79.28,92.23
443,4,0,4,0.0,7.0,42.25,22.31,15.2,13.0,20.0,29.31,39.66
446,4,0,4,0.0,14.0,46.0,22.5,15.67,14.75,15.0,22.75,41.35
449,4,0,4,0.0,1.0,67.66,22.8,31.12,2.16,11.27,31.92,60.51
452,4,0,4,0.0,211.56,393.64,291.59,89.4,219.23,280.58,352.94,385.5
462,4,0,4,0.0,43.4,304.62,150.97,109.99,103.01,127.93,175.89,278.87
485,4,0,4,0.0,16.0,148.08,64.63,58.55,29.5,47.22,82.34,134.93
465,4,0,4,0.0,5.3,45.9,25.12,18.09,13.18,24.64,36.58,44.04
467,4,0,4,0.0,50.0,50.0,50.0,0.0,50.0,50.0,50.0,50.0
472,4,0,4,0.0,15.0,118.0,71.75,42.87,56.25,77.0,92.5,112.9
478,4,0,4,0.0,650.0,791.04,711.51,63.59,666.5,702.5,747.51,782.33
916,4,0,4,0.0,1.0,88.0,38.56,42.23,4.71,32.63,66.48,83.7
481,4,0,4,0.0,35.0,417.17,181.52,177.73,49.18,136.95,269.29,387.59
913,4,0,4,0.0,10.27,56.29,27.06,21.55,11.1,20.85,36.82,52.4
482,4,0,4,0.0,111.32,641.92,349.38,232.88,196.4,322.15,475.14,608.56
911,4,0,4,0.0,1.0,22.69,10.54,9.0,6.62,9.24,13.16,20.78
484,4,0,4,0.0,47.0,209.9,107.02,75.23,53.0,85.6,139.62,195.84
1218,4,0,4,0.0,21.9,133.95,52.68,54.37,22.64,27.44,57.47,118.65
